
-- ################################################# USER TABLE
INSERT INTO USER (id, NAME, EMAIL, PASSWORD) VALUES (1, 'User 0', 'email0@sb.gov', '$2a$10$hJs3yeBGLMKnimakK0tjYOWGyMBPWgtBceW6pltjEhTCTVsjWbag.')
INSERT INTO USER (id, NAME, EMAIL, PASSWORD) VALUES (2, 'User 1', 'email1@sb.gov', '$2a$10$X1lCYm.9nnJ.LvW43pyd4eSd3UgIrZxKKxej6ZMgt4vXaqrpfuU7W')
INSERT INTO USER (id, NAME, EMAIL, PASSWORD) VALUES (3, 'User 2', 'email2@sb.gov', '$2a$10$q0fSwrqVWU/M71kM/Pd.huvQpn68qmKQtSMbIWln35Ze3PVLcosBW')
INSERT INTO USER (id, NAME, EMAIL, PASSWORD) VALUES (4, 'User 3', 'email3@sb.gov', '$2a$10$2NoXgiZ2j6ufl2hyuxqQB.pYmSc42jaeziYSDXarptixh/.lO8/wm')
INSERT INTO USER (id, NAME, EMAIL, PASSWORD) VALUES (5, 'User 4', 'email4@sb.gov', '$2a$10$mdNtGaE7ae612t7QoX5suelZf2F0.HuIS4ipm78KyHi4s/oWDHEPa')
INSERT INTO USER (id, NAME, EMAIL, PASSWORD) VALUES (6, 'User 5', 'email5@sb.gov', '$2a$10$mJVk9pEx4Mi6fqpFxsAp7u6W50iv1628AIfR.3i402rNfpXSNduwK')
INSERT INTO USER (id, NAME, EMAIL, PASSWORD) VALUES (7, 'User 6', 'email6@sb.gov', '$2a$10$6KIMnB68cI5NDqZXafaXu.ePoe62skd2B..kdUbQzR4zi/O6vXSnm')
INSERT INTO USER (id, NAME, EMAIL, PASSWORD) VALUES (8, 'User 7', 'email7@sb.gov', '$2a$10$Eh8AUBC4RU2qxCPgtXDdhu1zlVsdJQXjXCKcz3L1sFYZG9BHjNocS')
INSERT INTO USER (id, NAME, EMAIL, PASSWORD) VALUES (9, 'User 8', 'email8@sb.gov', '$2a$10$05nzYksUzTQ0drLEYTk1puHVXNbUhF6nGeKIAmIB2XZR7OeeqUI8y')
INSERT INTO USER (id, NAME, EMAIL, PASSWORD) VALUES (10, 'User 9','email9@sb.gov', '$2a$10$.OWUlMI1BQNCNp/LFz/O/.Yqd50/UKVnkLlMeiM86Zp00Bwio9Pl.')
INSERT INTO USER (id, NAME, EMAIL, PASSWORD) VALUES (11, 'User 10', 'email10@sb.gov', '$2a$10$OauZUaPq/yObSdeTBUShK.c.3zCPHtk2J9T5zmFptLJeEve4Py/LS')
INSERT INTO USER (id, NAME, EMAIL, PASSWORD) VALUES (12, 'User 11', 'email11@sb.gov', '$2a$10$K0TtmP23EAqkh59bt02bE.V6o8SefN3w36HkOfRnNxBM.kW0dUDHq')
INSERT INTO USER (id, NAME, EMAIL, PASSWORD) VALUES (13, 'User 12', 'email12@sb.gov', '$2a$10$RsJmneMEVgaBtXWrr3LRrelFxrk2J7PYCOiFvyo.uqME1EG6xPCGe')
INSERT INTO USER (id, NAME, EMAIL, PASSWORD) VALUES (14, 'User 13', 'email13@sb.gov', '$2a$10$2eThwF2gR4xmZ37947wqleUjQa24q9.VsyBA4/1qtGM6t1.HgEgIK')
INSERT INTO USER (id, NAME, EMAIL, PASSWORD) VALUES (15, 'User 14', 'email14@sb.gov', '$2a$10$Y17mlO3WJc/ZidXQ8DX2Beq.sVOp3t6cMU.3FFMJnfxEuPmcr1h/G')
INSERT INTO USER (id, NAME, EMAIL, PASSWORD) VALUES (16, 'User 15', 'email15@sb.gov', '$2a$10$cUwGK09NFNVQxXCt2zjxReADIrUZDV5CUbYiMxekhVt7sbk7MvNei')
INSERT INTO USER (id, NAME, EMAIL, PASSWORD) VALUES (17, 'User 16', 'email16@sb.gov', '$2a$10$5eUVMgj1KbbBdr4KThKmw.VXciRwJJWDUidGct6kA.DmuoDjgbV.S')
INSERT INTO USER (id, NAME, EMAIL, PASSWORD) VALUES (18, 'User 17', 'email17@sb.gov', '$2a$10$wpjxTEz36ruxTfnYsLiK/OteA0Fa6suAOM3yxFq9xdzdCskzDcHbG')
INSERT INTO USER (id, NAME, EMAIL, PASSWORD) VALUES (19, 'User 18', 'email18@sb.gov', '$2a$10$u0BeAOvt1uU8E4uppANox.pM7sfw2fCWscCqbtd/cp9UrXXpVA7G.')
INSERT INTO USER (id, NAME, EMAIL, PASSWORD) VALUES (20, 'User 19', 'email19@sb.gov', '$2a$10$DwrAFhQg1RCyRDTWdpOfAuUfDKr9XWqFtKark5dPif0KAVryOD/aC')
INSERT INTO USER (id, NAME, EMAIL, PASSWORD) VALUES (21, 'User 20', 'email20@sb.gov', '$2a$10$NccQJrN3Tyq6BF8yc99SKOqBr8ktRB4jcIzV40gIF3MKvGL39sWkW')
INSERT INTO USER (id, NAME, EMAIL, PASSWORD) VALUES (22, 'User 21', 'email21@sb.gov', '$2a$10$WcGx0BdHeMxJwCXX.31XT.P3VIBmMHti0WnEEdSpbAK5wkUb9ksRi')
INSERT INTO USER (id, NAME, EMAIL, PASSWORD) VALUES (23, 'User 22', 'email22@sb.gov', '$2a$10$g/PkBTFeINvlHTd9vYK7LuRx7qbuotrBxkpLnLhErNsSmI919eTbG')
INSERT INTO USER (id, NAME, EMAIL, PASSWORD) VALUES (24, 'User 23', 'email23@sb.gov', '$2a$10$0MrfP/.nWk2nen4Au39lg.YPGBOiGVLu0GjT1lb5eO.YxlA7yZtb.')
INSERT INTO USER (id, NAME, EMAIL, PASSWORD) VALUES (25, 'User 24', 'email24@sb.gov', '$2a$10$o86htTlu6tMGioLmZfBHdOkg2UbxXWv6uZO2vKMNpJ1UprbiVUfre')
INSERT INTO USER (id, NAME, EMAIL, PASSWORD) VALUES (26, 'User 25', 'email25@sb.gov', '$2a$10$WCRfx0GJVwle.PlxST7dCesho8K7JVOlw7hqrxBwkDX8MB83X6viy')
INSERT INTO USER (id, NAME, EMAIL, PASSWORD) VALUES (27, 'User 26', 'email26@sb.gov', '$2a$10$bVsJ2w7RaWxsOzqiSoMrV.WRZBqsex12v8kedG4v0EL.5YlKVPGHu')
INSERT INTO USER (id, NAME, EMAIL, PASSWORD) VALUES (28, 'User 27', 'email27@sb.gov', '$2a$10$IKx.yPGGMUL.CdZtS2RhuuBP0Hth2LaBsVvfYCQNOTMgdGZvmA0rS')
INSERT INTO USER (id, NAME, EMAIL, PASSWORD) VALUES (29, 'User 28', 'email28@sb.gov', '$2a$10$2BeDs52l2L0LlxIprmJEIOoIhM891URMyA1rB2e8azpq0.9PL9TfW')
INSERT INTO USER (id, NAME, EMAIL, PASSWORD) VALUES (30, 'User 29', 'email29@sb.gov', '$2a$10$3.hAdOAwdhfDD1edYLysluo6nLE33d1ijpF1Ab02puH9INAq3eWAC')
INSERT INTO USER (id, NAME, EMAIL, PASSWORD) VALUES (31, 'User 30', 'email30@sb.gov', '$2a$10$ZpmAXXQ/PIVPVh3HRl5GNerp/Tz7AlvpG24NRvuNSYFY3vy/zF3Oq')
INSERT INTO USER (id, NAME, EMAIL, PASSWORD) VALUES (32, 'User 31', 'email31@sb.gov', '$2a$10$0yZ/6iZBYPkazhaXKznRzO.G/vd9PbW7KfQtA.l3K49ADNDKJOTTi')
INSERT INTO USER (id, NAME, EMAIL, PASSWORD) VALUES (33, 'User 32', 'email32@sb.gov', '$2a$10$N7PZ9/bfKUwa.8hGR6XMM.qQcMmLJUbzkPYg4PN4Y98TfM1dEMCjW')
INSERT INTO USER (id, NAME, EMAIL, PASSWORD) VALUES (34, 'User 33', 'email33@sb.gov', '$2a$10$eu20q9vlNlBBgmfqhXeb5O4dX.ZElx5S6jAIFBRkWGZYBC5I6NHCS')
INSERT INTO USER (id, NAME, EMAIL, PASSWORD) VALUES (35, 'User 34', 'email34@sb.gov', '$2a$10$kqfUpOMX59IsK8G6pQZJ2.foB8VYqVEeczTVldufGuNS9AsU24ohC')
INSERT INTO USER (id, NAME, EMAIL, PASSWORD) VALUES (36, 'User 35', 'email35@sb.gov', '$2a$10$0PL2LvL.aXX4wWCFUaH4k.Rq89KesYRxRJOoM2DtGeAFnHAMnRRZG')
INSERT INTO USER (id, NAME, EMAIL, PASSWORD) VALUES (37, 'User 36', 'email36@sb.gov', '$2a$10$HUwuvDg1pR54hYPXc9r6fOMox77er6I5wXuDdVXwhwx6TdykXUdPa')
INSERT INTO USER (id, NAME, EMAIL, PASSWORD) VALUES (38, 'User 37', 'email37@sb.gov', '$2a$10$Wpf2J7A6vAxKhjEiZfROBODylWElZ/JHN3G4PPoWpEAFZIPGcFTZ6')
INSERT INTO USER (id, NAME, EMAIL, PASSWORD) VALUES (39, 'User 38', 'email38@sb.gov', '$2a$10$Pfcbusu.5pxnzUIiyj70luqhk1agoYZLFOdpmJornZd7XB1imYgNa')
INSERT INTO USER (id, NAME, EMAIL, PASSWORD) VALUES (40, 'User 39', 'email39@sb.gov', '$2a$10$hZgKMbeTD/S53BjwYhh7K.SOqBm68itVDIG707trdrYdnrgXPQRxC')
INSERT INTO USER (id, NAME, EMAIL, PASSWORD) VALUES (41, 'User 40', 'email40@sb.gov', '$2a$10$5U/CORzNxElenujVOwi.F.fCuAOxC9n.c8u.q8BLWVgNF87/v6Uz2')
INSERT INTO USER (id, NAME, EMAIL, PASSWORD) VALUES (42, 'User 41', 'email41@sb.gov', '$2a$10$Ye5A7RJlRMzcBAObtzRpHe9F8mrQ7F7sLruRerQ.SISfvzX8KKu6q')
INSERT INTO USER (id, NAME, EMAIL, PASSWORD) VALUES (43, 'User 42', 'email42@sb.gov', '$2a$10$5uRg7SlYlAiQIYuYi49ZaOkXF8TcvxHhXOmNOOzMMBc4p8uQzm1cO')
INSERT INTO USER (id, NAME, EMAIL, PASSWORD) VALUES (44, 'User 43', 'email43@sb.gov', '$2a$10$NNbXH0.fkhxNsoPLNaVOkODcOfP8U.5h67cvh.IfvnjfBsR20d7Ge')
INSERT INTO USER (id, NAME, EMAIL, PASSWORD) VALUES (45, 'User 44', 'email44@sb.gov', '$2a$10$Grgw7bN9s9YidoY2VrNY.ehoqxgEYsT9BQyYyMF1ymRiuBRiPoUhu')
INSERT INTO USER (id, NAME, EMAIL, PASSWORD) VALUES (46, 'User 45', 'email45@sb.gov', '$2a$10$n0CFzR9PiaqDzjYlDlV7MuosTNx/L6k2dRVFza/KvDsdBosn1drn2')
INSERT INTO USER (id, NAME, EMAIL, PASSWORD) VALUES (47, 'User 46', 'email46@sb.gov', '$2a$10$yH60GzH.X3gzj.KoKX0aBey20r9K9Pn553eiCbu8Fs92cfOl3qfpu')
INSERT INTO USER (id, NAME, EMAIL, PASSWORD) VALUES (48, 'User 47', 'email47@sb.gov', '$2a$10$.b7QsxHu1r6.F9qShFUneePs.CsO0CcdtzjX.pPVY70ftzi4xvgRW')
INSERT INTO USER (id, NAME, EMAIL, PASSWORD) VALUES (49, 'User 48', 'email48@sb.gov', '$2a$10$KjIbT.uO0tkX2QzBxmBsbOaeEaRUUpcWju.p7RHMo0QJgtU/SZDoO')
INSERT INTO USER (id, NAME, EMAIL, PASSWORD) VALUES (50, 'User 49', 'email49@sb.gov', '$2a$10$HjQKInC8UCPsxTk0kuavtedOLPpTYob0nmIsMKNG/KXtHxS6cnm9G')
INSERT INTO USER (id, NAME, EMAIL, PASSWORD) VALUES (51, 'User 50', 'email50@sb.gov', '$2a$10$1SIUMQ4R9g1/nHJSZ0sd4OwsxoF9bWg8tYPpdddz8TBpF1Tv50mt6')
INSERT INTO USER (id, NAME, EMAIL, PASSWORD) VALUES (52, 'User 51', 'email51@sb.gov', '$2a$10$qsthk7CHY1.1GeMdulPc3.zKScvILWdrFo.edXgBUpwSbn7PIyVDq')
INSERT INTO USER (id, NAME, EMAIL, PASSWORD) VALUES (53, 'User 52', 'email52@sb.gov', '$2a$10$lWuilJn8lQDEQ/jC6MG7yeO4AQp.rG4dwiIonRdWajTVJTSfcvPnG')
INSERT INTO USER (id, NAME, EMAIL, PASSWORD) VALUES (54, 'User 53', 'email53@sb.gov', '$2a$10$E2aP9pHKSvz41UiBP8NafeadfUhKnvtYczI/2m/pVNF.cAIK9qNLO')
INSERT INTO USER (id, NAME, EMAIL, PASSWORD) VALUES (55, 'User 54', 'email54@sb.gov', '$2a$10$fuAmMk4RFdyGlAqV0Kd6wOhnUYs/AvlBrajAM8ZRvz7Vjo66XJbZy')
INSERT INTO USER (id, NAME, EMAIL, PASSWORD) VALUES (56, 'User 55', 'email55@sb.gov', '$2a$10$iQuOr/wPngpuDj8q3A/XuOIpb1F9Z55PHWo28fnlAE.826COc3mFq')
INSERT INTO USER (id, NAME, EMAIL, PASSWORD) VALUES (57, 'User 56', 'email56@sb.gov', '$2a$10$1YsSXByFwa22SeJ0wXvmRewXZXQlLBoPhMewZjqezZOzkxAdsdC6a')
INSERT INTO USER (id, NAME, EMAIL, PASSWORD) VALUES (58, 'User 57', 'email57@sb.gov', '$2a$10$gOBignqgaHFSRIwvY2tcGeaTyirplHtj2S7HVkoQVNLpkTpl/Q3pW')
INSERT INTO USER (id, NAME, EMAIL, PASSWORD) VALUES (59, 'User 58', 'email58@sb.gov', '$2a$10$7xZVs4CFEjuj2TK9YW7tVe0P571PE8IUJBjLzoyYsaeUA8.JLZJXG')
INSERT INTO USER (id, NAME, EMAIL, PASSWORD) VALUES (60, 'User 59', 'email59@sb.gov', '$2a$10$aONLP2j15xcoYPk2q8.vPuKQc8OeAyvgWy6DhobIEpCIVjESMpDPu')
INSERT INTO USER (id, NAME, EMAIL, PASSWORD) VALUES (61, 'User 60', 'email60@sb.gov', '$2a$10$VLWoygsFlMPK26KrUfbQZeFLOYgeZfj5KBhwhwnqqKuMaal/v9cKi')
INSERT INTO USER (id, NAME, EMAIL, PASSWORD) VALUES (62, 'User 61', 'email61@sb.gov', '$2a$10$cVrOkJzwmJrnU/rkCwHVweJvzq2iaPRhmRACMsii9yjJvBQYvgPCO')
INSERT INTO USER (id, NAME, EMAIL, PASSWORD) VALUES (63, 'User 62', 'email62@sb.gov', '$2a$10$TxIuNEcP27EAMeVFpjWWIe6y/GIXS5r9iaC8DF.pE3Cmykdws4Ko6')
INSERT INTO USER (id, NAME, EMAIL, PASSWORD) VALUES (64, 'User 63', 'email63@sb.gov', '$2a$10$/O.SvcNMDtVHzlXhIeg1pOnt94oyhZFBTHCE6UND/PDgchGzNvA5K')
INSERT INTO USER (id, NAME, EMAIL, PASSWORD) VALUES (65, 'User 64', 'email64@sb.gov', '$2a$10$Pqd9dhA7q8eLA0h10qIZae.oVXAPQ1W9C609mv7JL2KNaXmHSqpoG')
INSERT INTO USER (id, NAME, EMAIL, PASSWORD) VALUES (66, 'User 65', 'email65@sb.gov', '$2a$10$dCFGEhFCH49SKrIxVQkQ.Ogmv1VptrB99fHc9.jr4LsDvaukzJ.1y')
INSERT INTO USER (id, NAME, EMAIL, PASSWORD) VALUES (67, 'User 66', 'email66@sb.gov', '$2a$10$hdf74o3a4KMZ55TYtpcd8.XWUr3TQrisqdiY/LBT4Rw/mtAttLTbu')
INSERT INTO USER (id, NAME, EMAIL, PASSWORD) VALUES (68, 'User 67', 'email67@sb.gov', '$2a$10$ZWPSk/HnGTilS8chXNBxnOhjq/YmkE3Xqd0Vp43WOkKXt7f/tDJzS')
INSERT INTO USER (id, NAME, EMAIL, PASSWORD) VALUES (69, 'User 68', 'email68@sb.gov', '$2a$10$bgM6gv1HUMHjljumjln7SOhmOi7M5DFL/9zinivzwu386yblBVaFa')
INSERT INTO USER (id, NAME, EMAIL, PASSWORD) VALUES (70, 'User 69', 'email69@sb.gov', '$2a$10$fNkATldGdPu4zUejL12e6e33SkUWbLabNm7qFpj8W3VlvX8Q2G0aK')
INSERT INTO USER (id, NAME, EMAIL, PASSWORD) VALUES (71, 'User 70', 'email70@sb.gov', '$2a$10$rS5cTfrdvBjh2ACCwGJE2OFFQqV7SJSoBANYcnkTDvp/BHzcitWEK')
INSERT INTO USER (id, NAME, EMAIL, PASSWORD) VALUES (72, 'User 71', 'email71@sb.gov', '$2a$10$hXf39ukhHkw2cmkqgv1zE..X0ZiC6M/yqusJk6Ruqkv8ZGLSFvhTm')
INSERT INTO USER (id, NAME, EMAIL, PASSWORD) VALUES (73, 'User 72', 'email72@sb.gov', '$2a$10$Sve5nVWsKS1y.r1wri1gL.HYVcbSz33oPSesTxjfGPQw18MI8FD0y')
INSERT INTO USER (id, NAME, EMAIL, PASSWORD) VALUES (74, 'User 73', 'email73@sb.gov', '$2a$10$WT9kDD3VbRlkH70taPbKIO5WLFB78rjz35xW.5.D3lIz08xJSh1Iy')
INSERT INTO USER (id, NAME, EMAIL, PASSWORD) VALUES (75, 'User 74', 'email74@sb.gov', '$2a$10$g/MyaGDjYUitxvxtRX3T7Oqa7hDHKrLSf0CREBAMLtN4BGybVToNO')
INSERT INTO USER (id, NAME, EMAIL, PASSWORD) VALUES (76, 'User 75', 'email75@sb.gov', '$2a$10$YfJS.cldadDbM43DiEadzuXrrn9nhrcDo8Vs80sSVUc4o5SRbhZNS')
INSERT INTO USER (id, NAME, EMAIL, PASSWORD) VALUES (77, 'User 76', 'email76@sb.gov', '$2a$10$htwJlOEaiAq/687xp5R3S.MFsoJM7qcxGsVAN49AzG1ALpkrc/CSW')
INSERT INTO USER (id, NAME, EMAIL, PASSWORD) VALUES (78, 'User 77', 'email77@sb.gov', '$2a$10$RImEWaluqto2gOJ3uyvPreXdCHNdl59C2nVKoLuixKSBukpnV4816')
INSERT INTO USER (id, NAME, EMAIL, PASSWORD) VALUES (79, 'User 78', 'email78@sb.gov', '$2a$10$O6W/MI3SS.a5AvRRx2OvlefyZF.tHOHKQl2q8iuc2/5BFYIKRl6Oy')
INSERT INTO USER (id, NAME, EMAIL, PASSWORD) VALUES (80, 'User 79', 'email79@sb.gov', '$2a$10$QlYj0sQZXx15S/tocArzVu2QK/8nv14zoAwZuOZuYwd8jiMTrTif6')
INSERT INTO USER (id, NAME, EMAIL, PASSWORD) VALUES (81, 'User 80', 'email80@sb.gov', '$2a$10$88/YL5FwQkJ9i9ZkbPQ3leqh/UFWU4a6ZcaxMLN2T6KR8C.NaSZqi')
INSERT INTO USER (id, NAME, EMAIL, PASSWORD) VALUES (82, 'User 81', 'email81@sb.gov', '$2a$10$Up07PPDOG.YeS7j.WTNQl.2IPIX1pCzZebRN.Bei288pMopDfoQ7K')
INSERT INTO USER (id, NAME, EMAIL, PASSWORD) VALUES (83, 'User 82', 'email82@sb.gov', '$2a$10$PlCEV2.EWDj5mAAf7uztgekpK0wXPDRDUB8WtZe7ghlOKS3BeKYmy')
INSERT INTO USER (id, NAME, EMAIL, PASSWORD) VALUES (84, 'User 83', 'email83@sb.gov', '$2a$10$R4hr0K528LOWxxMKNU9XUu8BUqu6/gykoetH2UnE7kPOuFwZSw4/u')
INSERT INTO USER (id, NAME, EMAIL, PASSWORD) VALUES (85, 'User 84', 'email84@sb.gov', '$2a$10$UEXfy6p3EKBNtPrr5EwqUu1kdFszHlg/1UFou0WqCeT8.uG9VQdxq')
INSERT INTO USER (id, NAME, EMAIL, PASSWORD) VALUES (86, 'User 85', 'email85@sb.gov', '$2a$10$4A/H597AbHfLpoDWgtaySOC33yBFsRchxYwd7WWtw5hOiZ3wLhCia')
INSERT INTO USER (id, NAME, EMAIL, PASSWORD) VALUES (87, 'User 86', 'email86@sb.gov', '$2a$10$8/z8vBkdf4cU4nA3P2yDLO9hVjgKBdoj/v1ZYGeBLdfslreXHVzne')
INSERT INTO USER (id, NAME, EMAIL, PASSWORD) VALUES (88, 'User 87', 'email87@sb.gov', '$2a$10$zIX1pwUzU9My/NexgHjwWOAwnYskqijegheoBkCMtj04CMrk2Rj9e')
INSERT INTO USER (id, NAME, EMAIL, PASSWORD) VALUES (89, 'User 88', 'email88@sb.gov', '$2a$10$v8ZCmFooSZ2GKW5off8Jve45aqAcc/3JsHi/mxUHGiKLg/ij7aHWi')
INSERT INTO USER (id, NAME, EMAIL, PASSWORD) VALUES (90, 'User 89', 'email89@sb.gov', '$2a$10$XWiQz/lHOTOKakQe3GI9ken7.0gUQTavDdRvdUw1t3RwIaFibq7g.')
INSERT INTO USER (id, NAME, EMAIL, PASSWORD) VALUES (91, 'User 90', 'email90@sb.gov', '$2a$10$Bs8f/C8kid6CXaT/6CGQ9uAxSxQXMkKC5Gr.PVSx8VbNgKpxYSMdC')
INSERT INTO USER (id, NAME, EMAIL, PASSWORD) VALUES (92, 'User 91', 'email91@sb.gov', '$2a$10$oXFxv0tuWJJysNtBece2I.KMbWOkDn34eobMGfe8uksdFbDYxvPKy')
INSERT INTO USER (id, NAME, EMAIL, PASSWORD) VALUES (93, 'User 92', 'email92@sb.gov', '$2a$10$fbrDQgz.ZTt0AZymWQVNw.BApJaPIwlHYonTgCl8D6v/2fNg/mSnu')
INSERT INTO USER (id, NAME, EMAIL, PASSWORD) VALUES (94, 'User 93', 'email93@sb.gov', '$2a$10$r0.4Gbsr2aBsyO/xIblqtOhVPef09Xinik5MZSkMz4lqM.UbgCsLq')
INSERT INTO USER (id, NAME, EMAIL, PASSWORD) VALUES (95, 'User 94', 'email94@sb.gov', '$2a$10$7vEKhHO2q/2d2qsn8PoiAuZjKpeN9BKwLVlnaEduAgQf/SvJ/yCfO')
INSERT INTO USER (id, NAME, EMAIL, PASSWORD) VALUES (96, 'User 95', 'email95@sb.gov', '$2a$10$UsuJk74KZBJ9oX2XzPT9F.Sg19/xlga.3pXVcUwu7J2ycs7TI4cCu')
INSERT INTO USER (id, NAME, EMAIL, PASSWORD) VALUES (97, 'User 96', 'email96@sb.gov', '$2a$10$hmVKR3WTK0XNScrMuDLfbOh2hW40eWLEDqLVfpwEebbo2Eqcu1y9q')
INSERT INTO USER (id, NAME, EMAIL, PASSWORD) VALUES (98, 'User 97', 'email97@sb.gov', '$2a$10$S00BtS9aR1mjdp.fGJO.8.9vgMSas6K9E3PNVoAxRV18aDCibmuHG')
INSERT INTO USER (id, NAME, EMAIL, PASSWORD) VALUES (99, 'User 98', 'email98@sb.gov', '$2a$10$GWcyLoilA0jePQ/x3vb6gu6VDs4ljSd4ZraCqfLs8A77t/hfJDArS')
INSERT INTO USER (id, NAME, EMAIL, PASSWORD) VALUES (100, 'User 99', 'email99@sb.gov', '$2a$10$3PN7bcIp/lF9Co9jU.YLn.7vOpi5KnqEM4TGCCdNQwkWwGk/ZWEpq')

-- ################################################# QR_CODE TABLE
INSERT INTO QR_CODE(id, DATA) VALUES (1, 77000)
INSERT INTO QR_CODE(id, DATA) VALUES (2, 77010)
INSERT INTO QR_CODE(id, DATA) VALUES (3, 77020)
INSERT INTO QR_CODE(id, DATA) VALUES (4, 77030)
INSERT INTO QR_CODE(id, DATA) VALUES (5, 77040)
INSERT INTO QR_CODE(id, DATA) VALUES (6, 77050)
INSERT INTO QR_CODE(id, DATA) VALUES (7, 77060)
INSERT INTO QR_CODE(id, DATA) VALUES (8, 77070)
INSERT INTO QR_CODE(id, DATA) VALUES (9, 77080)
INSERT INTO QR_CODE(id, DATA) VALUES (10, 77090)
INSERT INTO QR_CODE(id, DATA) VALUES (11, 77100)
INSERT INTO QR_CODE(id, DATA) VALUES (12, 77110)
INSERT INTO QR_CODE(id, DATA) VALUES (13, 77120)
INSERT INTO QR_CODE(id, DATA) VALUES (14, 77130)
INSERT INTO QR_CODE(id, DATA) VALUES (15, 77140)
INSERT INTO QR_CODE(id, DATA) VALUES (16, 77150)
INSERT INTO QR_CODE(id, DATA) VALUES (17, 77160)
INSERT INTO QR_CODE(id, DATA) VALUES (18, 77170)
INSERT INTO QR_CODE(id, DATA) VALUES (19, 77180)
INSERT INTO QR_CODE(id, DATA) VALUES (20, 77190)
INSERT INTO QR_CODE(id, DATA) VALUES (21, 77200)
INSERT INTO QR_CODE(id, DATA) VALUES (22, 77210)
INSERT INTO QR_CODE(id, DATA) VALUES (23, 77220)
INSERT INTO QR_CODE(id, DATA) VALUES (24, 77230)
INSERT INTO QR_CODE(id, DATA) VALUES (25, 77240)
INSERT INTO QR_CODE(id, DATA) VALUES (26, 77250)
INSERT INTO QR_CODE(id, DATA) VALUES (27, 77260)
INSERT INTO QR_CODE(id, DATA) VALUES (28, 77270)
INSERT INTO QR_CODE(id, DATA) VALUES (29, 77280)
INSERT INTO QR_CODE(id, DATA) VALUES (30, 77290)
INSERT INTO QR_CODE(id, DATA) VALUES (31, 77300)
INSERT INTO QR_CODE(id, DATA) VALUES (32, 77310)
INSERT INTO QR_CODE(id, DATA) VALUES (33, 77320)
INSERT INTO QR_CODE(id, DATA) VALUES (34, 77330)
INSERT INTO QR_CODE(id, DATA) VALUES (35, 77340)
INSERT INTO QR_CODE(id, DATA) VALUES (36, 77350)
INSERT INTO QR_CODE(id, DATA) VALUES (37, 77360)
INSERT INTO QR_CODE(id, DATA) VALUES (38, 77370)
INSERT INTO QR_CODE(id, DATA) VALUES (39, 77380)
INSERT INTO QR_CODE(id, DATA) VALUES (40, 77390)
INSERT INTO QR_CODE(id, DATA) VALUES (41, 77400)
INSERT INTO QR_CODE(id, DATA) VALUES (42, 77410)
INSERT INTO QR_CODE(id, DATA) VALUES (43, 77420)
INSERT INTO QR_CODE(id, DATA) VALUES (44, 77430)
INSERT INTO QR_CODE(id, DATA) VALUES (45, 77440)
INSERT INTO QR_CODE(id, DATA) VALUES (46, 77450)
INSERT INTO QR_CODE(id, DATA) VALUES (47, 77460)
INSERT INTO QR_CODE(id, DATA) VALUES (48, 77470)
INSERT INTO QR_CODE(id, DATA) VALUES (49, 77480)
INSERT INTO QR_CODE(id, DATA) VALUES (50, 77490)
INSERT INTO QR_CODE(id, DATA) VALUES (51, 77500)
INSERT INTO QR_CODE(id, DATA) VALUES (52, 77510)
INSERT INTO QR_CODE(id, DATA) VALUES (53, 77520)
INSERT INTO QR_CODE(id, DATA) VALUES (54, 77530)
INSERT INTO QR_CODE(id, DATA) VALUES (55, 77540)
INSERT INTO QR_CODE(id, DATA) VALUES (56, 77550)
INSERT INTO QR_CODE(id, DATA) VALUES (57, 77560)
INSERT INTO QR_CODE(id, DATA) VALUES (58, 77570)
INSERT INTO QR_CODE(id, DATA) VALUES (59, 77580)
INSERT INTO QR_CODE(id, DATA) VALUES (60, 77590)
INSERT INTO QR_CODE(id, DATA) VALUES (61, 77600)
INSERT INTO QR_CODE(id, DATA) VALUES (62, 77610)
INSERT INTO QR_CODE(id, DATA) VALUES (63, 77620)
INSERT INTO QR_CODE(id, DATA) VALUES (64, 77630)
INSERT INTO QR_CODE(id, DATA) VALUES (65, 77640)
INSERT INTO QR_CODE(id, DATA) VALUES (66, 77650)
INSERT INTO QR_CODE(id, DATA) VALUES (67, 77660)
INSERT INTO QR_CODE(id, DATA) VALUES (68, 77670)
INSERT INTO QR_CODE(id, DATA) VALUES (69, 77680)
INSERT INTO QR_CODE(id, DATA) VALUES (70, 77690)
INSERT INTO QR_CODE(id, DATA) VALUES (71, 77700)
INSERT INTO QR_CODE(id, DATA) VALUES (72, 77710)
INSERT INTO QR_CODE(id, DATA) VALUES (73, 77720)
INSERT INTO QR_CODE(id, DATA) VALUES (74, 77730)
INSERT INTO QR_CODE(id, DATA) VALUES (75, 77740)
INSERT INTO QR_CODE(id, DATA) VALUES (76, 77750)
INSERT INTO QR_CODE(id, DATA) VALUES (77, 77760)
INSERT INTO QR_CODE(id, DATA) VALUES (78, 77770)
INSERT INTO QR_CODE(id, DATA) VALUES (79, 77780)
INSERT INTO QR_CODE(id, DATA) VALUES (80, 77790)
INSERT INTO QR_CODE(id, DATA) VALUES (81, 77800)
INSERT INTO QR_CODE(id, DATA) VALUES (82, 77810)
INSERT INTO QR_CODE(id, DATA) VALUES (83, 77820)
INSERT INTO QR_CODE(id, DATA) VALUES (84, 77830)
INSERT INTO QR_CODE(id, DATA) VALUES (85, 77840)
INSERT INTO QR_CODE(id, DATA) VALUES (86, 77850)
INSERT INTO QR_CODE(id, DATA) VALUES (87, 77860)
INSERT INTO QR_CODE(id, DATA) VALUES (88, 77870)
INSERT INTO QR_CODE(id, DATA) VALUES (89, 77880)
INSERT INTO QR_CODE(id, DATA) VALUES (90, 77890)
INSERT INTO QR_CODE(id, DATA) VALUES (91, 77900)
INSERT INTO QR_CODE(id, DATA) VALUES (92, 77910)
INSERT INTO QR_CODE(id, DATA) VALUES (93, 77920)
INSERT INTO QR_CODE(id, DATA) VALUES (94, 77930)
INSERT INTO QR_CODE(id, DATA) VALUES (95, 77940)
INSERT INTO QR_CODE(id, DATA) VALUES (96, 77950)
INSERT INTO QR_CODE(id, DATA) VALUES (97, 77960)
INSERT INTO QR_CODE(id, DATA) VALUES (98, 77970)
INSERT INTO QR_CODE(id, DATA) VALUES (99, 77980)
INSERT INTO QR_CODE(id, DATA) VALUES (100, 77990)

-- ################################################# BOOK TABLE
INSERT INTO BOOK (id, TITLE, AUTHOR, ISBN, QR_code_id) VALUES (1, 'Title0', 'Author0', 10000000000, 1)
INSERT INTO BOOK (id, TITLE, AUTHOR, ISBN, QR_code_id) VALUES (2, 'Title1', 'Author1', 10000100010, 2)
INSERT INTO BOOK (id, TITLE, AUTHOR, ISBN, QR_code_id) VALUES (3, 'Title2', 'Author2', 10000200020, 3)
INSERT INTO BOOK (id, TITLE, AUTHOR, ISBN, QR_code_id) VALUES (4, 'Title3', 'Author3', 10000300030, 4)
INSERT INTO BOOK (id, TITLE, AUTHOR, ISBN, QR_code_id) VALUES (5, 'Title4', 'Author4', 10000400040, 5)
INSERT INTO BOOK (id, TITLE, AUTHOR, ISBN, QR_code_id) VALUES (6, 'Title5', 'Author5', 10000500050, 6)
INSERT INTO BOOK (id, TITLE, AUTHOR, ISBN, QR_code_id) VALUES (7, 'Title6', 'Author6', 10000600060, 7)
INSERT INTO BOOK (id, TITLE, AUTHOR, ISBN, QR_code_id) VALUES (8, 'Title7', 'Author7', 10000700070, 8)
INSERT INTO BOOK (id, TITLE, AUTHOR, ISBN, QR_code_id) VALUES (9, 'Title8', 'Author8', 10000800080, 9)
INSERT INTO BOOK (id, TITLE, AUTHOR, ISBN, QR_code_id) VALUES (10, 'Title9', 'Author9', 10000900090, 10)
INSERT INTO BOOK (id, TITLE, AUTHOR, ISBN, QR_code_id) VALUES (11, 'Title10', 'Author10', 10001000100, 11)
INSERT INTO BOOK (id, TITLE, AUTHOR, ISBN, QR_code_id) VALUES (12, 'Title11', 'Author10', 10001100110, 12)
INSERT INTO BOOK (id, TITLE, AUTHOR, ISBN, QR_code_id) VALUES (13, 'Title12', 'Author10', 10001200120, 13)
INSERT INTO BOOK (id, TITLE, AUTHOR, ISBN, QR_code_id) VALUES (14, 'Title13', 'Author10', 10001300130, 14)
INSERT INTO BOOK (id, TITLE, AUTHOR, ISBN, QR_code_id) VALUES (15, 'Title14', 'Author10', 10001400140, 15)
INSERT INTO BOOK (id, TITLE, AUTHOR, ISBN, QR_code_id) VALUES (16, 'Title15', 'Author10', 10001500150, 16)
INSERT INTO BOOK (id, TITLE, AUTHOR, ISBN, QR_code_id) VALUES (17, 'Title16', 'Author10', 10001600160, 17)
INSERT INTO BOOK (id, TITLE, AUTHOR, ISBN, QR_code_id) VALUES (18, 'Title17', 'Author10', 10001700170, 18)
INSERT INTO BOOK (id, TITLE, AUTHOR, ISBN, QR_code_id) VALUES (19, 'Title18', 'Author10', 10001800180, 19)
INSERT INTO BOOK (id, TITLE, AUTHOR, ISBN, QR_code_id) VALUES (20, 'Title19', 'Author10', 10001900190, 20)
INSERT INTO BOOK (id, TITLE, AUTHOR, ISBN, QR_code_id) VALUES (21, 'Title20', 'Author20', 10002000200, 21)
INSERT INTO BOOK (id, TITLE, AUTHOR, ISBN, QR_code_id) VALUES (22, 'Title21', 'Author20', 10002100210, 22)
INSERT INTO BOOK (id, TITLE, AUTHOR, ISBN, QR_code_id) VALUES (23, 'Title22', 'Author20', 10002200220, 23)
INSERT INTO BOOK (id, TITLE, AUTHOR, ISBN, QR_code_id) VALUES (24, 'Title23', 'Author20', 10002300230, 24)
INSERT INTO BOOK (id, TITLE, AUTHOR, ISBN, QR_code_id) VALUES (25, 'Title24', 'Author20', 10002400240, 25)
INSERT INTO BOOK (id, TITLE, AUTHOR, ISBN, QR_code_id) VALUES (26, 'Title25', 'Author20', 10002500250, 26)
INSERT INTO BOOK (id, TITLE, AUTHOR, ISBN, QR_code_id) VALUES (27, 'Title26', 'Author20', 10002600260, 27)
INSERT INTO BOOK (id, TITLE, AUTHOR, ISBN, QR_code_id) VALUES (28, 'Title27', 'Author20', 10002700270, 28)
INSERT INTO BOOK (id, TITLE, AUTHOR, ISBN, QR_code_id) VALUES (29, 'Title28', 'Author20', 10002800280, 29)
INSERT INTO BOOK (id, TITLE, AUTHOR, ISBN, QR_code_id) VALUES (30, 'Title29', 'Author20', 10002900290, 30)
INSERT INTO BOOK (id, TITLE, AUTHOR, ISBN, QR_code_id) VALUES (31, 'Title30', 'Author30', 10003000300, 31)
INSERT INTO BOOK (id, TITLE, AUTHOR, ISBN, QR_code_id) VALUES (32, 'Title31', 'Author30', 10003100310, 32)
INSERT INTO BOOK (id, TITLE, AUTHOR, ISBN, QR_code_id) VALUES (33, 'Title32', 'Author30', 10003200320, 33)
INSERT INTO BOOK (id, TITLE, AUTHOR, ISBN, QR_code_id) VALUES (34, 'Title33', 'Author30', 10003300330, 34)
INSERT INTO BOOK (id, TITLE, AUTHOR, ISBN, QR_code_id) VALUES (35, 'Title34', 'Author30', 10003400340, 35)
INSERT INTO BOOK (id, TITLE, AUTHOR, ISBN, QR_code_id) VALUES (36, 'Title35', 'Author30', 10003500350, 36)
INSERT INTO BOOK (id, TITLE, AUTHOR, ISBN, QR_code_id) VALUES (37, 'Title36', 'Author30', 10003600360, 37)
INSERT INTO BOOK (id, TITLE, AUTHOR, ISBN, QR_code_id) VALUES (38, 'Title37', 'Author30', 10003700370, 38)
INSERT INTO BOOK (id, TITLE, AUTHOR, ISBN, QR_code_id) VALUES (39, 'Title38', 'Author30', 10003800380, 39)
INSERT INTO BOOK (id, TITLE, AUTHOR, ISBN, QR_code_id) VALUES (40, 'Title39', 'Author30', 10003900390, 40)
INSERT INTO BOOK (id, TITLE, AUTHOR, ISBN, QR_code_id) VALUES (41, 'Title40', 'Author40', 10004000400, 41)
INSERT INTO BOOK (id, TITLE, AUTHOR, ISBN, QR_code_id) VALUES (42, 'Title41', 'Author40', 10004100410, 42)
INSERT INTO BOOK (id, TITLE, AUTHOR, ISBN, QR_code_id) VALUES (43, 'Title42', 'Author40', 10004200420, 43)
INSERT INTO BOOK (id, TITLE, AUTHOR, ISBN, QR_code_id) VALUES (44, 'Title43', 'Author40', 10004300430, 44)
INSERT INTO BOOK (id, TITLE, AUTHOR, ISBN, QR_code_id) VALUES (45, 'Title44', 'Author40', 10004400440, 45)
INSERT INTO BOOK (id, TITLE, AUTHOR, ISBN, QR_code_id) VALUES (46, 'Title45', 'Author40', 10004500450, 46)
INSERT INTO BOOK (id, TITLE, AUTHOR, ISBN, QR_code_id) VALUES (47, 'Title46', 'Author40', 10004600460, 47)
INSERT INTO BOOK (id, TITLE, AUTHOR, ISBN, QR_code_id) VALUES (48, 'Title47', 'Author40', 10004700470, 48)
INSERT INTO BOOK (id, TITLE, AUTHOR, ISBN, QR_code_id) VALUES (49, 'Title48', 'Author40', 10004800480, 49)
INSERT INTO BOOK (id, TITLE, AUTHOR, ISBN, QR_code_id) VALUES (50, 'Title49', 'Author40', 10004900490, 50)
INSERT INTO BOOK (id, TITLE, AUTHOR, ISBN, QR_code_id) VALUES (51, 'Title50', 'Author50', 10005000500, 51)
INSERT INTO BOOK (id, TITLE, AUTHOR, ISBN, QR_code_id) VALUES (52, 'Title51', 'Author50', 10005100510, 52)
INSERT INTO BOOK (id, TITLE, AUTHOR, ISBN, QR_code_id) VALUES (53, 'Title52', 'Author50', 10005200520, 53)
INSERT INTO BOOK (id, TITLE, AUTHOR, ISBN, QR_code_id) VALUES (54, 'Title53', 'Author50', 10005300530, 54)
INSERT INTO BOOK (id, TITLE, AUTHOR, ISBN, QR_code_id) VALUES (55, 'Title54', 'Author50', 10005400540, 55)
INSERT INTO BOOK (id, TITLE, AUTHOR, ISBN, QR_code_id) VALUES (56, 'Title55', 'Author50', 10005500550, 56)
INSERT INTO BOOK (id, TITLE, AUTHOR, ISBN, QR_code_id) VALUES (57, 'Title56', 'Author50', 10005600560, 57)
INSERT INTO BOOK (id, TITLE, AUTHOR, ISBN, QR_code_id) VALUES (58, 'Title57', 'Author50', 10005700570, 58)
INSERT INTO BOOK (id, TITLE, AUTHOR, ISBN, QR_code_id) VALUES (59, 'Title58', 'Author50', 10005800580, 59)
INSERT INTO BOOK (id, TITLE, AUTHOR, ISBN, QR_code_id) VALUES (60, 'Title59', 'Author50', 10005900590, 60)
INSERT INTO BOOK (id, TITLE, AUTHOR, ISBN, QR_code_id) VALUES (61, 'Title60', 'Author60', 10006000600, 61)
INSERT INTO BOOK (id, TITLE, AUTHOR, ISBN, QR_code_id) VALUES (62, 'Title61', 'Author60', 10006100610, 62)
INSERT INTO BOOK (id, TITLE, AUTHOR, ISBN, QR_code_id) VALUES (63, 'Title62', 'Author60', 10006200620, 63)
INSERT INTO BOOK (id, TITLE, AUTHOR, ISBN, QR_code_id) VALUES (64, 'Title63', 'Author60', 10006300630, 64)
INSERT INTO BOOK (id, TITLE, AUTHOR, ISBN, QR_code_id) VALUES (65, 'Title64', 'Author60', 10006400640, 65)
INSERT INTO BOOK (id, TITLE, AUTHOR, ISBN, QR_code_id) VALUES (66, 'Title65', 'Author60', 10006500650, 66)
INSERT INTO BOOK (id, TITLE, AUTHOR, ISBN, QR_code_id) VALUES (67, 'Title66', 'Author60', 10006600660, 67)
INSERT INTO BOOK (id, TITLE, AUTHOR, ISBN, QR_code_id) VALUES (68, 'Title67', 'Author60', 10006700670, 68)
INSERT INTO BOOK (id, TITLE, AUTHOR, ISBN, QR_code_id) VALUES (69, 'Title68', 'Author60', 10006800680, 69)
INSERT INTO BOOK (id, TITLE, AUTHOR, ISBN, QR_code_id) VALUES (70, 'Title69', 'Author60', 10006900690, 70)
INSERT INTO BOOK (id, TITLE, AUTHOR, ISBN, QR_code_id) VALUES (71, 'Title70', 'Author70', 10007000700, 71)
INSERT INTO BOOK (id, TITLE, AUTHOR, ISBN, QR_code_id) VALUES (72, 'Title71', 'Author70', 10007100710, 72)
INSERT INTO BOOK (id, TITLE, AUTHOR, ISBN, QR_code_id) VALUES (73, 'Title72', 'Author70', 10007200720, 73)
INSERT INTO BOOK (id, TITLE, AUTHOR, ISBN, QR_code_id) VALUES (74, 'Title73', 'Author70', 10007300730, 74)
INSERT INTO BOOK (id, TITLE, AUTHOR, ISBN, QR_code_id) VALUES (75, 'Title74', 'Author70', 10007400740, 75)
INSERT INTO BOOK (id, TITLE, AUTHOR, ISBN, QR_code_id) VALUES (76, 'Title75', 'Author70', 10007500750, 76)
INSERT INTO BOOK (id, TITLE, AUTHOR, ISBN, QR_code_id) VALUES (77, 'Title76', 'Author70', 10007600760, 77)
INSERT INTO BOOK (id, TITLE, AUTHOR, ISBN, QR_code_id) VALUES (78, 'Title77', 'Author70', 10007700770, 78)
INSERT INTO BOOK (id, TITLE, AUTHOR, ISBN, QR_code_id) VALUES (79, 'Title78', 'Author70', 10007800780, 79)
INSERT INTO BOOK (id, TITLE, AUTHOR, ISBN, QR_code_id) VALUES (80, 'Title79', 'Author70', 10007900790, 80)
INSERT INTO BOOK (id, TITLE, AUTHOR, ISBN, QR_code_id) VALUES (81, 'Title80', 'Author80', 10008000800, 81)
INSERT INTO BOOK (id, TITLE, AUTHOR, ISBN, QR_code_id) VALUES (82, 'Title81', 'Author80', 10008100810, 82)
INSERT INTO BOOK (id, TITLE, AUTHOR, ISBN, QR_code_id) VALUES (83, 'Title82', 'Author80', 10008200820, 83)
INSERT INTO BOOK (id, TITLE, AUTHOR, ISBN, QR_code_id) VALUES (84, 'Title83', 'Author80', 10008300830, 84)
INSERT INTO BOOK (id, TITLE, AUTHOR, ISBN, QR_code_id) VALUES (85, 'Title84', 'Author80', 10008400840, 85)
INSERT INTO BOOK (id, TITLE, AUTHOR, ISBN, QR_code_id) VALUES (86, 'Title85', 'Author80', 10008500850, 86)
INSERT INTO BOOK (id, TITLE, AUTHOR, ISBN, QR_code_id) VALUES (87, 'Title86', 'Author80', 10008600860, 87)
INSERT INTO BOOK (id, TITLE, AUTHOR, ISBN, QR_code_id) VALUES (88, 'Title87', 'Author80', 10008700870, 88)
INSERT INTO BOOK (id, TITLE, AUTHOR, ISBN, QR_code_id) VALUES (89, 'Title88', 'Author80', 10008800880, 89)
INSERT INTO BOOK (id, TITLE, AUTHOR, ISBN, QR_code_id) VALUES (90, 'Title89', 'Author80', 10008900890, 90)
INSERT INTO BOOK (id, TITLE, AUTHOR, ISBN, QR_code_id) VALUES (91, 'Title90', 'Author90', 10009000900, 91)
INSERT INTO BOOK (id, TITLE, AUTHOR, ISBN, QR_code_id) VALUES (92, 'Title91', 'Author90', 10009100910, 92)
INSERT INTO BOOK (id, TITLE, AUTHOR, ISBN, QR_code_id) VALUES (93, 'Title92', 'Author90', 10009200920, 93)
INSERT INTO BOOK (id, TITLE, AUTHOR, ISBN, QR_code_id) VALUES (94, 'Title93', 'Author90', 10009300930, 94)
INSERT INTO BOOK (id, TITLE, AUTHOR, ISBN, QR_code_id) VALUES (95, 'Title94', 'Author90', 10009400940, 95)
INSERT INTO BOOK (id, TITLE, AUTHOR, ISBN, QR_code_id) VALUES (96, 'Title95', 'Author90', 10009500950, 96)
INSERT INTO BOOK (id, TITLE, AUTHOR, ISBN, QR_code_id) VALUES (97, 'Title96', 'Author90', 10009600960, 97)
INSERT INTO BOOK (id, TITLE, AUTHOR, ISBN, QR_code_id) VALUES (98, 'Title97', 'Author90', 10009700970, 98)
INSERT INTO BOOK (id, TITLE, AUTHOR, ISBN, QR_code_id) VALUES (99, 'Title98', 'Author90', 10009800980, 99)
INSERT INTO BOOK (id, TITLE, AUTHOR, ISBN, QR_code_id) VALUES (100, 'Title99', 'Author90', 10009900990, 100)

-- ################################################# ORDER DATE TABLE
INSERT INTO QUEUE(ID, ORDER_DATE, BOOK_ID, USER_ID, STATUS) VALUES (1, '2017-04-10 11:30:22', 1, 1, TRUE)
INSERT INTO QUEUE(ID, ORDER_DATE, BOOK_ID, USER_ID, STATUS) VALUES (2, '2017-04-11 11:31:22', 2, 1, TRUE)
INSERT INTO QUEUE(ID, ORDER_DATE, BOOK_ID, USER_ID, STATUS) VALUES (3, '2017-04-12 11:32:22', 3, 1, TRUE)
INSERT INTO QUEUE(ID, ORDER_DATE, BOOK_ID, USER_ID, STATUS) VALUES (4, '2017-04-13 11:33:22', 3, 2, TRUE)
INSERT INTO QUEUE(ID, ORDER_DATE, BOOK_ID, USER_ID, STATUS) VALUES (5, '2017-04-14 11:34:22', 1, 3, TRUE)
INSERT INTO QUEUE(ID, ORDER_DATE, BOOK_ID, USER_ID, STATUS) VALUES (6, '2017-04-15 11:35:22', 1, 4, TRUE)
INSERT INTO QUEUE(ID, ORDER_DATE, BOOK_ID, USER_ID, STATUS) VALUES (7, '2017-04-16 11:36:22', 6, 5, TRUE)
INSERT INTO QUEUE(ID, ORDER_DATE, BOOK_ID, USER_ID, STATUS) VALUES (8, '2017-04-17 11:37:22', 1, 6, TRUE)
INSERT INTO QUEUE(ID, ORDER_DATE, BOOK_ID, USER_ID, STATUS) VALUES (9, '2017-04-18 11:38:22', 8, 7, TRUE)
INSERT INTO QUEUE(ID, ORDER_DATE, BOOK_ID, USER_ID, STATUS) VALUES (10, '2017-04-19 11:39:22', 9, 9, TRUE)

-- ################################################# BORROW TABLE
INSERT INTO BORROW (id, BORROW_DATE, RETURN_DATE, BOOK_ID, USER_ID, STATUS, CAN_EXTEND_RETURN_DATE) VALUES (1, '2017-04-03', '2017-05-03', 1, 1, TRUE, TRUE)
INSERT INTO BORROW (id, BORROW_DATE, RETURN_DATE, BOOK_ID, USER_ID, STATUS, CAN_EXTEND_RETURN_DATE) VALUES (2, '2017-04-03', '2017-05-03', 2, 2, TRUE, TRUE)
INSERT INTO BORROW (id, BORROW_DATE, RETURN_DATE, BOOK_ID, USER_ID, STATUS, CAN_EXTEND_RETURN_DATE) VALUES (3, '2017-04-03', '2017-05-03', 3, 3, TRUE, TRUE)
INSERT INTO BORROW (id, BORROW_DATE, RETURN_DATE, BOOK_ID, USER_ID, STATUS, CAN_EXTEND_RETURN_DATE) VALUES (4, '2017-04-04', '2017-05-04', 11, 4, TRUE, TRUE)
INSERT INTO BORROW (id, BORROW_DATE, RETURN_DATE, BOOK_ID, USER_ID, STATUS, CAN_EXTEND_RETURN_DATE) VALUES (5, '2017-04-05', '2017-05-05', 4, 5, TRUE, TRUE)
INSERT INTO BORROW (id, BORROW_DATE, RETURN_DATE, BOOK_ID, USER_ID, STATUS, CAN_EXTEND_RETURN_DATE) VALUES (6, '2017-04-05', '2017-05-05', 8, 6, TRUE, TRUE)
INSERT INTO BORROW (id, BORROW_DATE, RETURN_DATE, BOOK_ID, USER_ID, STATUS, CAN_EXTEND_RETURN_DATE) VALUES (7, '2017-04-06', '2017-05-06', 6, 77, TRUE, TRUE)
INSERT INTO BORROW (id, BORROW_DATE, RETURN_DATE, BOOK_ID, USER_ID, STATUS, CAN_EXTEND_RETURN_DATE) VALUES (8, '2017-04-07', '2017-05-07', 9, 7, TRUE, TRUE)
INSERT INTO BORROW (id, BORROW_DATE, RETURN_DATE, BOOK_ID, USER_ID, STATUS, CAN_EXTEND_RETURN_DATE) VALUES (9, '2017-04-08', '2017-05-08', 4, 8, TRUE, TRUE)
INSERT INTO BORROW (id, BORROW_DATE, RETURN_DATE, BOOK_ID, USER_ID, STATUS, CAN_EXTEND_RETURN_DATE) VALUES (10, '2017-04-09', '2017-05-09', 7, 9, TRUE, TRUE)