-- ################################################# USER TABLE
INSERT INTO USER (id, NAME, EMAIL, PASSWORD, AUTHORITY, ACTIVE) VALUES (1, 'User 0', 'email0@sb.gov', '$2a$10$hJs3yeBGLMKnimakK0tjYOWGyMBPWgtBceW6pltjEhTCTVsjWbag.', 'USER', TRUE)
INSERT INTO USER (id, NAME, EMAIL, PASSWORD, AUTHORITY, ACTIVE) VALUES (2, 'User 1', 'email1@sb.gov', '$2a$10$X1lCYm.9nnJ.LvW43pyd4eSd3UgIrZxKKxej6ZMgt4vXaqrpfuU7W', 'USER', TRUE)
INSERT INTO USER (id, NAME, EMAIL, PASSWORD, AUTHORITY, ACTIVE) VALUES (3, 'User 2', 'email2@sb.gov', '$2a$10$q0fSwrqVWU/M71kM/Pd.huvQpn68qmKQtSMbIWln35Ze3PVLcosBW', 'USER', TRUE)
INSERT INTO USER (id, NAME, EMAIL, PASSWORD, AUTHORITY, ACTIVE) VALUES (4, 'User 3', 'email3@sb.gov', '$2a$10$2NoXgiZ2j6ufl2hyuxqQB.pYmSc42jaeziYSDXarptixh/.lO8/wm', 'USER', TRUE)
INSERT INTO USER (id, NAME, EMAIL, PASSWORD, AUTHORITY, ACTIVE) VALUES (5, 'User 4', 'email4@sb.gov', '$2a$10$mdNtGaE7ae612t7QoX5suelZf2F0.HuIS4ipm78KyHi4s/oWDHEPa', 'USER', TRUE)
INSERT INTO USER (id, NAME, EMAIL, PASSWORD, AUTHORITY, ACTIVE) VALUES (6, 'User 5', 'email5@sb.gov', '$2a$10$mJVk9pEx4Mi6fqpFxsAp7u6W50iv1628AIfR.3i402rNfpXSNduwK', 'USER', TRUE)
INSERT INTO USER (id, NAME, EMAIL, PASSWORD, AUTHORITY, ACTIVE) VALUES (7, 'User 6', 'email6@sb.gov', '$2a$10$6KIMnB68cI5NDqZXafaXu.ePoe62skd2B..kdUbQzR4zi/O6vXSnm', 'USER', TRUE)
INSERT INTO USER (id, NAME, EMAIL, PASSWORD, AUTHORITY, ACTIVE) VALUES (8, 'User 7', 'email7@sb.gov', '$2a$10$Eh8AUBC4RU2qxCPgtXDdhu1zlVsdJQXjXCKcz3L1sFYZG9BHjNocS', 'USER', TRUE)
INSERT INTO USER (id, NAME, EMAIL, PASSWORD, AUTHORITY, ACTIVE) VALUES (9, 'User 8', 'email8@sb.gov', '$2a$10$05nzYksUzTQ0drLEYTk1puHVXNbUhF6nGeKIAmIB2XZR7OeeqUI8y', 'USER', TRUE)
INSERT INTO USER (id, NAME, EMAIL, PASSWORD, AUTHORITY, ACTIVE) VALUES (10, 'User 9','email9@sb.gov', '$2a$10$.OWUlMI1BQNCNp/LFz/O/.Yqd50/UKVnkLlMeiM86Zp00Bwio9Pl.', 'USER', TRUE)
INSERT INTO USER (id, NAME, EMAIL, PASSWORD, AUTHORITY, ACTIVE) VALUES (11, 'User 10', 'email10@sb.gov', '$2a$10$OauZUaPq/yObSdeTBUShK.c.3zCPHtk2J9T5zmFptLJeEve4Py/LS', 'USER', TRUE)
INSERT INTO USER (id, NAME, EMAIL, PASSWORD, AUTHORITY, ACTIVE) VALUES (12, 'User 11', 'email11@sb.gov', '$2a$10$K0TtmP23EAqkh59bt02bE.V6o8SefN3w36HkOfRnNxBM.kW0dUDHq', 'USER', TRUE)
INSERT INTO USER (id, NAME, EMAIL, PASSWORD, AUTHORITY, ACTIVE) VALUES (13, 'User 12', 'email12@sb.gov', '$2a$10$RsJmneMEVgaBtXWrr3LRrelFxrk2J7PYCOiFvyo.uqME1EG6xPCGe', 'USER', TRUE)
INSERT INTO USER (id, NAME, EMAIL, PASSWORD, AUTHORITY, ACTIVE) VALUES (14, 'User 13', 'email13@sb.gov', '$2a$10$2eThwF2gR4xmZ37947wqleUjQa24q9.VsyBA4/1qtGM6t1.HgEgIK', 'USER', TRUE)
INSERT INTO USER (id, NAME, EMAIL, PASSWORD, AUTHORITY, ACTIVE) VALUES (15, 'User 14', 'email14@sb.gov', '$2a$10$Y17mlO3WJc/ZidXQ8DX2Beq.sVOp3t6cMU.3FFMJnfxEuPmcr1h/G', 'USER', TRUE)
INSERT INTO USER (id, NAME, EMAIL, PASSWORD, AUTHORITY, ACTIVE) VALUES (16, 'User 15', 'email15@sb.gov', '$2a$10$cUwGK09NFNVQxXCt2zjxReADIrUZDV5CUbYiMxekhVt7sbk7MvNei', 'USER', TRUE)
INSERT INTO USER (id, NAME, EMAIL, PASSWORD, AUTHORITY, ACTIVE) VALUES (17, 'User 16', 'email16@sb.gov', '$2a$10$5eUVMgj1KbbBdr4KThKmw.VXciRwJJWDUidGct6kA.DmuoDjgbV.S', 'USER', TRUE)
INSERT INTO USER (id, NAME, EMAIL, PASSWORD, AUTHORITY, ACTIVE) VALUES (18, 'User 17', 'email17@sb.gov', '$2a$10$wpjxTEz36ruxTfnYsLiK/OteA0Fa6suAOM3yxFq9xdzdCskzDcHbG', 'USER', TRUE)
INSERT INTO USER (id, NAME, EMAIL, PASSWORD, AUTHORITY, ACTIVE) VALUES (19, 'User 18', 'email18@sb.gov', '$2a$10$u0BeAOvt1uU8E4uppANox.pM7sfw2fCWscCqbtd/cp9UrXXpVA7G.', 'USER', TRUE)
INSERT INTO USER (id, NAME, EMAIL, PASSWORD, AUTHORITY, ACTIVE) VALUES (20, 'User 19', 'email19@sb.gov', '$2a$10$DwrAFhQg1RCyRDTWdpOfAuUfDKr9XWqFtKark5dPif0KAVryOD/aC', 'USER', TRUE)
INSERT INTO USER (id, NAME, EMAIL, PASSWORD, AUTHORITY, ACTIVE) VALUES (21, 'User 20', 'email20@sb.gov', '$2a$10$NccQJrN3Tyq6BF8yc99SKOqBr8ktRB4jcIzV40gIF3MKvGL39sWkW', 'USER', TRUE)
INSERT INTO USER (id, NAME, EMAIL, PASSWORD, AUTHORITY, ACTIVE) VALUES (22, 'User 21', 'email21@sb.gov', '$2a$10$WcGx0BdHeMxJwCXX.31XT.P3VIBmMHti0WnEEdSpbAK5wkUb9ksRi', 'USER', TRUE)
INSERT INTO USER (id, NAME, EMAIL, PASSWORD, AUTHORITY, ACTIVE) VALUES (23, 'User 22', 'email22@sb.gov', '$2a$10$g/PkBTFeINvlHTd9vYK7LuRx7qbuotrBxkpLnLhErNsSmI919eTbG', 'USER', TRUE)
INSERT INTO USER (id, NAME, EMAIL, PASSWORD, AUTHORITY, ACTIVE) VALUES (24, 'User 23', 'email23@sb.gov', '$2a$10$0MrfP/.nWk2nen4Au39lg.YPGBOiGVLu0GjT1lb5eO.YxlA7yZtb.', 'USER', TRUE)
INSERT INTO USER (id, NAME, EMAIL, PASSWORD, AUTHORITY, ACTIVE) VALUES (25, 'User 24', 'email24@sb.gov', '$2a$10$o86htTlu6tMGioLmZfBHdOkg2UbxXWv6uZO2vKMNpJ1UprbiVUfre', 'USER', TRUE)
INSERT INTO USER (id, NAME, EMAIL, PASSWORD, AUTHORITY, ACTIVE) VALUES (26, 'User 25', 'email25@sb.gov', '$2a$10$WCRfx0GJVwle.PlxST7dCesho8K7JVOlw7hqrxBwkDX8MB83X6viy', 'USER', TRUE)
INSERT INTO USER (id, NAME, EMAIL, PASSWORD, AUTHORITY, ACTIVE) VALUES (27, 'User 26', 'email26@sb.gov', '$2a$10$bVsJ2w7RaWxsOzqiSoMrV.WRZBqsex12v8kedG4v0EL.5YlKVPGHu', 'USER', TRUE)
INSERT INTO USER (id, NAME, EMAIL, PASSWORD, AUTHORITY, ACTIVE) VALUES (28, 'User 27', 'email27@sb.gov', '$2a$10$IKx.yPGGMUL.CdZtS2RhuuBP0Hth2LaBsVvfYCQNOTMgdGZvmA0rS', 'USER', TRUE)
INSERT INTO USER (id, NAME, EMAIL, PASSWORD, AUTHORITY, ACTIVE) VALUES (29, 'User 28', 'email28@sb.gov', '$2a$10$2BeDs52l2L0LlxIprmJEIOoIhM891URMyA1rB2e8azpq0.9PL9TfW', 'USER', TRUE)
INSERT INTO USER (id, NAME, EMAIL, PASSWORD, AUTHORITY, ACTIVE) VALUES (30, 'User 29', 'email29@sb.gov', '$2a$10$3.hAdOAwdhfDD1edYLysluo6nLE33d1ijpF1Ab02puH9INAq3eWAC', 'USER', TRUE)
INSERT INTO USER (id, NAME, EMAIL, PASSWORD, AUTHORITY, ACTIVE) VALUES (31, 'User 30', 'email30@sb.gov', '$2a$10$ZpmAXXQ/PIVPVh3HRl5GNerp/Tz7AlvpG24NRvuNSYFY3vy/zF3Oq', 'USER', TRUE)
INSERT INTO USER (id, NAME, EMAIL, PASSWORD, AUTHORITY, ACTIVE) VALUES (32, 'User 31', 'email31@sb.gov', '$2a$10$0yZ/6iZBYPkazhaXKznRzO.G/vd9PbW7KfQtA.l3K49ADNDKJOTTi', 'USER', TRUE)
INSERT INTO USER (id, NAME, EMAIL, PASSWORD, AUTHORITY, ACTIVE) VALUES (33, 'User 32', 'email32@sb.gov', '$2a$10$N7PZ9/bfKUwa.8hGR6XMM.qQcMmLJUbzkPYg4PN4Y98TfM1dEMCjW', 'USER', TRUE)
INSERT INTO USER (id, NAME, EMAIL, PASSWORD, AUTHORITY, ACTIVE) VALUES (34, 'User 33', 'email33@sb.gov', '$2a$10$eu20q9vlNlBBgmfqhXeb5O4dX.ZElx5S6jAIFBRkWGZYBC5I6NHCS', 'USER', TRUE)
INSERT INTO USER (id, NAME, EMAIL, PASSWORD, AUTHORITY, ACTIVE) VALUES (35, 'User 34', 'email34@sb.gov', '$2a$10$kqfUpOMX59IsK8G6pQZJ2.foB8VYqVEeczTVldufGuNS9AsU24ohC', 'USER', TRUE)
INSERT INTO USER (id, NAME, EMAIL, PASSWORD, AUTHORITY, ACTIVE) VALUES (36, 'User 35', 'email35@sb.gov', '$2a$10$0PL2LvL.aXX4wWCFUaH4k.Rq89KesYRxRJOoM2DtGeAFnHAMnRRZG', 'USER', TRUE)
INSERT INTO USER (id, NAME, EMAIL, PASSWORD, AUTHORITY, ACTIVE) VALUES (37, 'User 36', 'email36@sb.gov', '$2a$10$HUwuvDg1pR54hYPXc9r6fOMox77er6I5wXuDdVXwhwx6TdykXUdPa', 'USER', TRUE)
INSERT INTO USER (id, NAME, EMAIL, PASSWORD, AUTHORITY, ACTIVE) VALUES (38, 'User 37', 'email37@sb.gov', '$2a$10$Wpf2J7A6vAxKhjEiZfROBODylWElZ/JHN3G4PPoWpEAFZIPGcFTZ6', 'USER', TRUE)
INSERT INTO USER (id, NAME, EMAIL, PASSWORD, AUTHORITY, ACTIVE) VALUES (39, 'User 38', 'email38@sb.gov', '$2a$10$Pfcbusu.5pxnzUIiyj70luqhk1agoYZLFOdpmJornZd7XB1imYgNa', 'USER', TRUE)
INSERT INTO USER (id, NAME, EMAIL, PASSWORD, AUTHORITY, ACTIVE) VALUES (40, 'User 39', 'email39@sb.gov', '$2a$10$hZgKMbeTD/S53BjwYhh7K.SOqBm68itVDIG707trdrYdnrgXPQRxC', 'USER', TRUE)
INSERT INTO USER (id, NAME, EMAIL, PASSWORD, AUTHORITY, ACTIVE) VALUES (41, 'User 40', 'email40@sb.gov', '$2a$10$5U/CORzNxElenujVOwi.F.fCuAOxC9n.c8u.q8BLWVgNF87/v6Uz2', 'USER', TRUE)
INSERT INTO USER (id, NAME, EMAIL, PASSWORD, AUTHORITY, ACTIVE) VALUES (42, 'User 41', 'email41@sb.gov', '$2a$10$Ye5A7RJlRMzcBAObtzRpHe9F8mrQ7F7sLruRerQ.SISfvzX8KKu6q', 'USER', TRUE)
INSERT INTO USER (id, NAME, EMAIL, PASSWORD, AUTHORITY, ACTIVE) VALUES (43, 'User 42', 'email42@sb.gov', '$2a$10$5uRg7SlYlAiQIYuYi49ZaOkXF8TcvxHhXOmNOOzMMBc4p8uQzm1cO', 'USER', TRUE)
INSERT INTO USER (id, NAME, EMAIL, PASSWORD, AUTHORITY, ACTIVE) VALUES (44, 'User 43', 'email43@sb.gov', '$2a$10$NNbXH0.fkhxNsoPLNaVOkODcOfP8U.5h67cvh.IfvnjfBsR20d7Ge', 'USER', TRUE)
INSERT INTO USER (id, NAME, EMAIL, PASSWORD, AUTHORITY, ACTIVE) VALUES (45, 'User 44', 'email44@sb.gov', '$2a$10$Grgw7bN9s9YidoY2VrNY.ehoqxgEYsT9BQyYyMF1ymRiuBRiPoUhu', 'USER', TRUE)
INSERT INTO USER (id, NAME, EMAIL, PASSWORD, AUTHORITY, ACTIVE) VALUES (46, 'User 45', 'email45@sb.gov', '$2a$10$n0CFzR9PiaqDzjYlDlV7MuosTNx/L6k2dRVFza/KvDsdBosn1drn2', 'USER', TRUE)
INSERT INTO USER (id, NAME, EMAIL, PASSWORD, AUTHORITY, ACTIVE) VALUES (47, 'User 46', 'email46@sb.gov', '$2a$10$yH60GzH.X3gzj.KoKX0aBey20r9K9Pn553eiCbu8Fs92cfOl3qfpu', 'USER', TRUE)
INSERT INTO USER (id, NAME, EMAIL, PASSWORD, AUTHORITY, ACTIVE) VALUES (48, 'User 47', 'email47@sb.gov', '$2a$10$.b7QsxHu1r6.F9qShFUneePs.CsO0CcdtzjX.pPVY70ftzi4xvgRW', 'USER', TRUE)
INSERT INTO USER (id, NAME, EMAIL, PASSWORD, AUTHORITY, ACTIVE) VALUES (49, 'User 48', 'email48@sb.gov', '$2a$10$KjIbT.uO0tkX2QzBxmBsbOaeEaRUUpcWju.p7RHMo0QJgtU/SZDoO', 'USER', TRUE)
INSERT INTO USER (id, NAME, EMAIL, PASSWORD, AUTHORITY, ACTIVE) VALUES (50, 'User 49', 'email49@sb.gov', '$2a$10$HjQKInC8UCPsxTk0kuavtedOLPpTYob0nmIsMKNG/KXtHxS6cnm9G', 'USER', TRUE)
INSERT INTO USER (id, NAME, EMAIL, PASSWORD, AUTHORITY, ACTIVE) VALUES (51, 'User 50', 'email50@sb.gov', '$2a$10$1SIUMQ4R9g1/nHJSZ0sd4OwsxoF9bWg8tYPpdddz8TBpF1Tv50mt6', 'USER', TRUE)
INSERT INTO USER (id, NAME, EMAIL, PASSWORD, AUTHORITY, ACTIVE) VALUES (52, 'User 51', 'email51@sb.gov', '$2a$10$qsthk7CHY1.1GeMdulPc3.zKScvILWdrFo.edXgBUpwSbn7PIyVDq', 'USER', TRUE)
INSERT INTO USER (id, NAME, EMAIL, PASSWORD, AUTHORITY, ACTIVE) VALUES (53, 'User 52', 'email52@sb.gov', '$2a$10$lWuilJn8lQDEQ/jC6MG7yeO4AQp.rG4dwiIonRdWajTVJTSfcvPnG', 'USER', TRUE)
INSERT INTO USER (id, NAME, EMAIL, PASSWORD, AUTHORITY, ACTIVE) VALUES (54, 'User 53', 'email53@sb.gov', '$2a$10$E2aP9pHKSvz41UiBP8NafeadfUhKnvtYczI/2m/pVNF.cAIK9qNLO', 'USER', TRUE)
INSERT INTO USER (id, NAME, EMAIL, PASSWORD, AUTHORITY, ACTIVE) VALUES (55, 'User 54', 'email54@sb.gov', '$2a$10$fuAmMk4RFdyGlAqV0Kd6wOhnUYs/AvlBrajAM8ZRvz7Vjo66XJbZy', 'USER', TRUE)
INSERT INTO USER (id, NAME, EMAIL, PASSWORD, AUTHORITY, ACTIVE) VALUES (56, 'User 55', 'email55@sb.gov', '$2a$10$iQuOr/wPngpuDj8q3A/XuOIpb1F9Z55PHWo28fnlAE.826COc3mFq', 'USER', TRUE)
INSERT INTO USER (id, NAME, EMAIL, PASSWORD, AUTHORITY, ACTIVE) VALUES (57, 'User 56', 'email56@sb.gov', '$2a$10$1YsSXByFwa22SeJ0wXvmRewXZXQlLBoPhMewZjqezZOzkxAdsdC6a', 'USER', TRUE)
INSERT INTO USER (id, NAME, EMAIL, PASSWORD, AUTHORITY, ACTIVE) VALUES (58, 'User 57', 'email57@sb.gov', '$2a$10$gOBignqgaHFSRIwvY2tcGeaTyirplHtj2S7HVkoQVNLpkTpl/Q3pW', 'USER', TRUE)
INSERT INTO USER (id, NAME, EMAIL, PASSWORD, AUTHORITY, ACTIVE) VALUES (59, 'User 58', 'email58@sb.gov', '$2a$10$7xZVs4CFEjuj2TK9YW7tVe0P571PE8IUJBjLzoyYsaeUA8.JLZJXG', 'USER', TRUE)
INSERT INTO USER (id, NAME, EMAIL, PASSWORD, AUTHORITY, ACTIVE) VALUES (60, 'User 59', 'email59@sb.gov', '$2a$10$aONLP2j15xcoYPk2q8.vPuKQc8OeAyvgWy6DhobIEpCIVjESMpDPu', 'USER', TRUE)
INSERT INTO USER (id, NAME, EMAIL, PASSWORD, AUTHORITY, ACTIVE) VALUES (61, 'User 60', 'email60@sb.gov', '$2a$10$VLWoygsFlMPK26KrUfbQZeFLOYgeZfj5KBhwhwnqqKuMaal/v9cKi', 'USER', TRUE)
INSERT INTO USER (id, NAME, EMAIL, PASSWORD, AUTHORITY, ACTIVE) VALUES (62, 'User 61', 'email61@sb.gov', '$2a$10$cVrOkJzwmJrnU/rkCwHVweJvzq2iaPRhmRACMsii9yjJvBQYvgPCO', 'USER', TRUE)
INSERT INTO USER (id, NAME, EMAIL, PASSWORD, AUTHORITY, ACTIVE) VALUES (63, 'User 62', 'email62@sb.gov', '$2a$10$TxIuNEcP27EAMeVFpjWWIe6y/GIXS5r9iaC8DF.pE3Cmykdws4Ko6', 'USER', TRUE)
INSERT INTO USER (id, NAME, EMAIL, PASSWORD, AUTHORITY, ACTIVE) VALUES (64, 'User 63', 'email63@sb.gov', '$2a$10$/O.SvcNMDtVHzlXhIeg1pOnt94oyhZFBTHCE6UND/PDgchGzNvA5K', 'USER', TRUE)
INSERT INTO USER (id, NAME, EMAIL, PASSWORD, AUTHORITY, ACTIVE) VALUES (65, 'User 64', 'email64@sb.gov', '$2a$10$Pqd9dhA7q8eLA0h10qIZae.oVXAPQ1W9C609mv7JL2KNaXmHSqpoG', 'USER', TRUE)
INSERT INTO USER (id, NAME, EMAIL, PASSWORD, AUTHORITY, ACTIVE) VALUES (66, 'User 65', 'email65@sb.gov', '$2a$10$dCFGEhFCH49SKrIxVQkQ.Ogmv1VptrB99fHc9.jr4LsDvaukzJ.1y', 'USER', TRUE)
INSERT INTO USER (id, NAME, EMAIL, PASSWORD, AUTHORITY, ACTIVE) VALUES (67, 'User 66', 'email66@sb.gov', '$2a$10$hdf74o3a4KMZ55TYtpcd8.XWUr3TQrisqdiY/LBT4Rw/mtAttLTbu', 'USER', TRUE)
INSERT INTO USER (id, NAME, EMAIL, PASSWORD, AUTHORITY, ACTIVE) VALUES (68, 'User 67', 'email67@sb.gov', '$2a$10$ZWPSk/HnGTilS8chXNBxnOhjq/YmkE3Xqd0Vp43WOkKXt7f/tDJzS', 'USER', TRUE)
INSERT INTO USER (id, NAME, EMAIL, PASSWORD, AUTHORITY, ACTIVE) VALUES (69, 'User 68', 'email68@sb.gov', '$2a$10$bgM6gv1HUMHjljumjln7SOhmOi7M5DFL/9zinivzwu386yblBVaFa', 'USER', TRUE)
INSERT INTO USER (id, NAME, EMAIL, PASSWORD, AUTHORITY, ACTIVE) VALUES (70, 'User 69', 'email69@sb.gov', '$2a$10$fNkATldGdPu4zUejL12e6e33SkUWbLabNm7qFpj8W3VlvX8Q2G0aK', 'USER', TRUE)
INSERT INTO USER (id, NAME, EMAIL, PASSWORD, AUTHORITY, ACTIVE) VALUES (71, 'User 70', 'email70@sb.gov', '$2a$10$rS5cTfrdvBjh2ACCwGJE2OFFQqV7SJSoBANYcnkTDvp/BHzcitWEK', 'USER', TRUE)
INSERT INTO USER (id, NAME, EMAIL, PASSWORD, AUTHORITY, ACTIVE) VALUES (72, 'User 71', 'email71@sb.gov', '$2a$10$hXf39ukhHkw2cmkqgv1zE..X0ZiC6M/yqusJk6Ruqkv8ZGLSFvhTm', 'USER', TRUE)
INSERT INTO USER (id, NAME, EMAIL, PASSWORD, AUTHORITY, ACTIVE) VALUES (73, 'User 72', 'email72@sb.gov', '$2a$10$Sve5nVWsKS1y.r1wri1gL.HYVcbSz33oPSesTxjfGPQw18MI8FD0y', 'USER', TRUE)
INSERT INTO USER (id, NAME, EMAIL, PASSWORD, AUTHORITY, ACTIVE) VALUES (74, 'User 73', 'email73@sb.gov', '$2a$10$WT9kDD3VbRlkH70taPbKIO5WLFB78rjz35xW.5.D3lIz08xJSh1Iy', 'USER', TRUE)
INSERT INTO USER (id, NAME, EMAIL, PASSWORD, AUTHORITY, ACTIVE) VALUES (75, 'User 74', 'email74@sb.gov', '$2a$10$g/MyaGDjYUitxvxtRX3T7Oqa7hDHKrLSf0CREBAMLtN4BGybVToNO', 'USER', TRUE)
INSERT INTO USER (id, NAME, EMAIL, PASSWORD, AUTHORITY, ACTIVE) VALUES (76, 'User 75', 'email75@sb.gov', '$2a$10$YfJS.cldadDbM43DiEadzuXrrn9nhrcDo8Vs80sSVUc4o5SRbhZNS', 'USER', TRUE)
INSERT INTO USER (id, NAME, EMAIL, PASSWORD, AUTHORITY, ACTIVE) VALUES (77, 'User 76', 'email76@sb.gov', '$2a$10$htwJlOEaiAq/687xp5R3S.MFsoJM7qcxGsVAN49AzG1ALpkrc/CSW', 'USER', TRUE)
INSERT INTO USER (id, NAME, EMAIL, PASSWORD, AUTHORITY, ACTIVE) VALUES (78, 'User 77', 'email77@sb.gov', '$2a$10$RImEWaluqto2gOJ3uyvPreXdCHNdl59C2nVKoLuixKSBukpnV4816', 'USER', TRUE)
INSERT INTO USER (id, NAME, EMAIL, PASSWORD, AUTHORITY, ACTIVE) VALUES (79, 'User 78', 'email78@sb.gov', '$2a$10$O6W/MI3SS.a5AvRRx2OvlefyZF.tHOHKQl2q8iuc2/5BFYIKRl6Oy', 'USER', TRUE)
INSERT INTO USER (id, NAME, EMAIL, PASSWORD, AUTHORITY, ACTIVE) VALUES (80, 'User 79', 'email79@sb.gov', '$2a$10$QlYj0sQZXx15S/tocArzVu2QK/8nv14zoAwZuOZuYwd8jiMTrTif6', 'USER', TRUE)
INSERT INTO USER (id, NAME, EMAIL, PASSWORD, AUTHORITY, ACTIVE) VALUES (81, 'User 80', 'email80@sb.gov', '$2a$10$88/YL5FwQkJ9i9ZkbPQ3leqh/UFWU4a6ZcaxMLN2T6KR8C.NaSZqi', 'USER', TRUE)
INSERT INTO USER (id, NAME, EMAIL, PASSWORD, AUTHORITY, ACTIVE) VALUES (82, 'User 81', 'email81@sb.gov', '$2a$10$Up07PPDOG.YeS7j.WTNQl.2IPIX1pCzZebRN.Bei288pMopDfoQ7K', 'USER', TRUE)
INSERT INTO USER (id, NAME, EMAIL, PASSWORD, AUTHORITY, ACTIVE) VALUES (83, 'User 82', 'email82@sb.gov', '$2a$10$PlCEV2.EWDj5mAAf7uztgekpK0wXPDRDUB8WtZe7ghlOKS3BeKYmy', 'USER', TRUE)
INSERT INTO USER (id, NAME, EMAIL, PASSWORD, AUTHORITY, ACTIVE) VALUES (84, 'User 83', 'email83@sb.gov', '$2a$10$R4hr0K528LOWxxMKNU9XUu8BUqu6/gykoetH2UnE7kPOuFwZSw4/u', 'USER', TRUE)
INSERT INTO USER (id, NAME, EMAIL, PASSWORD, AUTHORITY, ACTIVE) VALUES (85, 'User 84', 'email84@sb.gov', '$2a$10$UEXfy6p3EKBNtPrr5EwqUu1kdFszHlg/1UFou0WqCeT8.uG9VQdxq', 'USER', TRUE)
INSERT INTO USER (id, NAME, EMAIL, PASSWORD, AUTHORITY, ACTIVE) VALUES (86, 'User 85', 'email85@sb.gov', '$2a$10$4A/H597AbHfLpoDWgtaySOC33yBFsRchxYwd7WWtw5hOiZ3wLhCia', 'USER', TRUE)
INSERT INTO USER (id, NAME, EMAIL, PASSWORD, AUTHORITY, ACTIVE) VALUES (87, 'User 86', 'email86@sb.gov', '$2a$10$8/z8vBkdf4cU4nA3P2yDLO9hVjgKBdoj/v1ZYGeBLdfslreXHVzne', 'USER', TRUE)
INSERT INTO USER (id, NAME, EMAIL, PASSWORD, AUTHORITY, ACTIVE) VALUES (88, 'User 87', 'email87@sb.gov', '$2a$10$zIX1pwUzU9My/NexgHjwWOAwnYskqijegheoBkCMtj04CMrk2Rj9e', 'USER', TRUE)
INSERT INTO USER (id, NAME, EMAIL, PASSWORD, AUTHORITY, ACTIVE) VALUES (89, 'User 88', 'email88@sb.gov', '$2a$10$v8ZCmFooSZ2GKW5off8Jve45aqAcc/3JsHi/mxUHGiKLg/ij7aHWi', 'USER', TRUE)
INSERT INTO USER (id, NAME, EMAIL, PASSWORD, AUTHORITY, ACTIVE) VALUES (90, 'User 89', 'email89@sb.gov', '$2a$10$XWiQz/lHOTOKakQe3GI9ken7.0gUQTavDdRvdUw1t3RwIaFibq7g.', 'USER', TRUE)
INSERT INTO USER (id, NAME, EMAIL, PASSWORD, AUTHORITY, ACTIVE) VALUES (91, 'User 90', 'email90@sb.gov', '$2a$10$Bs8f/C8kid6CXaT/6CGQ9uAxSxQXMkKC5Gr.PVSx8VbNgKpxYSMdC', 'USER', TRUE)
INSERT INTO USER (id, NAME, EMAIL, PASSWORD, AUTHORITY, ACTIVE) VALUES (92, 'User 91', 'email91@sb.gov', '$2a$10$oXFxv0tuWJJysNtBece2I.KMbWOkDn34eobMGfe8uksdFbDYxvPKy', 'USER', TRUE)
INSERT INTO USER (id, NAME, EMAIL, PASSWORD, AUTHORITY, ACTIVE) VALUES (93, 'User 92', 'email92@sb.gov', '$2a$10$fbrDQgz.ZTt0AZymWQVNw.BApJaPIwlHYonTgCl8D6v/2fNg/mSnu', 'USER', TRUE)
INSERT INTO USER (id, NAME, EMAIL, PASSWORD, AUTHORITY, ACTIVE) VALUES (94, 'User 93', 'email93@sb.gov', '$2a$10$r0.4Gbsr2aBsyO/xIblqtOhVPef09Xinik5MZSkMz4lqM.UbgCsLq', 'USER', TRUE)
INSERT INTO USER (id, NAME, EMAIL, PASSWORD, AUTHORITY, ACTIVE) VALUES (95, 'User 94', 'email94@sb.gov', '$2a$10$7vEKhHO2q/2d2qsn8PoiAuZjKpeN9BKwLVlnaEduAgQf/SvJ/yCfO', 'USER', TRUE)
INSERT INTO USER (id, NAME, EMAIL, PASSWORD, AUTHORITY, ACTIVE) VALUES (96, 'User 95', 'email95@sb.gov', '$2a$10$UsuJk74KZBJ9oX2XzPT9F.Sg19/xlga.3pXVcUwu7J2ycs7TI4cCu', 'USER', TRUE)
INSERT INTO USER (id, NAME, EMAIL, PASSWORD, AUTHORITY, ACTIVE) VALUES (97, 'User 96', 'email96@sb.gov', '$2a$10$hmVKR3WTK0XNScrMuDLfbOh2hW40eWLEDqLVfpwEebbo2Eqcu1y9q', 'USER', TRUE)
INSERT INTO USER (id, NAME, EMAIL, PASSWORD, AUTHORITY, ACTIVE) VALUES (98, 'User 97', 'email97@sb.gov', '$2a$10$S00BtS9aR1mjdp.fGJO.8.9vgMSas6K9E3PNVoAxRV18aDCibmuHG', 'USER', TRUE)
INSERT INTO USER (id, NAME, EMAIL, PASSWORD, AUTHORITY, ACTIVE) VALUES (99, 'User 98', 'email98@sb.gov', '$2a$10$GWcyLoilA0jePQ/x3vb6gu6VDs4ljSd4ZraCqfLs8A77t/hfJDArS', 'USER', TRUE)
INSERT INTO USER (id, NAME, EMAIL, PASSWORD, AUTHORITY, ACTIVE) VALUES (100, 'User 99', 'email99@sb.gov', '$2a$10$3PN7bcIp/lF9Co9jU.YLn.7vOpi5KnqEM4TGCCdNQwkWwGk/ZWEpq', 'USER', TRUE)

-- ################################################# QR_CODE TABLE
INSERT INTO QR_CODE(id, DATA, ACTIVE) VALUES (1, '77000abcde', TRUE)
INSERT INTO QR_CODE(id, DATA, ACTIVE) VALUES (2, '77010abcde', TRUE)
INSERT INTO QR_CODE(id, DATA, ACTIVE) VALUES (3, '77020abcde', TRUE)
INSERT INTO QR_CODE(id, DATA, ACTIVE) VALUES (4, '77030abcde', TRUE)
INSERT INTO QR_CODE(id, DATA, ACTIVE) VALUES (5, '77040abcde', TRUE)
INSERT INTO QR_CODE(id, DATA, ACTIVE) VALUES (6, '77050abcde', TRUE)
INSERT INTO QR_CODE(id, DATA, ACTIVE) VALUES (7, '77060abcde', TRUE)
INSERT INTO QR_CODE(id, DATA, ACTIVE) VALUES (8, '77070abcde', TRUE)
INSERT INTO QR_CODE(id, DATA, ACTIVE) VALUES (9, '77080abcde', TRUE)
INSERT INTO QR_CODE(id, DATA, ACTIVE) VALUES (10, '77090abcde', TRUE)
INSERT INTO QR_CODE(id, DATA, ACTIVE) VALUES (11, '77100abcde', TRUE)
INSERT INTO QR_CODE(id, DATA, ACTIVE) VALUES (12, '77110abcde', TRUE)
INSERT INTO QR_CODE(id, DATA, ACTIVE) VALUES (13, '77120abcde', TRUE)
INSERT INTO QR_CODE(id, DATA, ACTIVE) VALUES (14, '77130abcde', TRUE)
INSERT INTO QR_CODE(id, DATA, ACTIVE) VALUES (15, '77140abcde', TRUE)
INSERT INTO QR_CODE(id, DATA, ACTIVE) VALUES (16, '77150abcde', TRUE)
INSERT INTO QR_CODE(id, DATA, ACTIVE) VALUES (17, '77160abcde', TRUE)
INSERT INTO QR_CODE(id, DATA, ACTIVE) VALUES (18, '77170abcde', TRUE)
INSERT INTO QR_CODE(id, DATA, ACTIVE) VALUES (19, '77180abcde', TRUE)
INSERT INTO QR_CODE(id, DATA, ACTIVE) VALUES (20, '77190abcde', TRUE)
INSERT INTO QR_CODE(id, DATA, ACTIVE) VALUES (21, '77200abcde', TRUE)
INSERT INTO QR_CODE(id, DATA, ACTIVE) VALUES (22, '77210abcde', TRUE)
INSERT INTO QR_CODE(id, DATA, ACTIVE) VALUES (23, '77220abcde', TRUE)
INSERT INTO QR_CODE(id, DATA, ACTIVE) VALUES (24, '77230abcde', TRUE)
INSERT INTO QR_CODE(id, DATA, ACTIVE) VALUES (25, '77240abcde', TRUE)
INSERT INTO QR_CODE(id, DATA, ACTIVE) VALUES (26, '77250abcde', TRUE)
INSERT INTO QR_CODE(id, DATA, ACTIVE) VALUES (27, '77260abcde', TRUE)
INSERT INTO QR_CODE(id, DATA, ACTIVE) VALUES (28, '77270abcde', TRUE)
INSERT INTO QR_CODE(id, DATA, ACTIVE) VALUES (29, '77280abcde', TRUE)
INSERT INTO QR_CODE(id, DATA, ACTIVE) VALUES (30, '77290abcde', TRUE)
INSERT INTO QR_CODE(id, DATA, ACTIVE) VALUES (31, '77300abcde', TRUE)
INSERT INTO QR_CODE(id, DATA, ACTIVE) VALUES (32, '77310abcde', TRUE)
INSERT INTO QR_CODE(id, DATA, ACTIVE) VALUES (33, '77320abcde', TRUE)
INSERT INTO QR_CODE(id, DATA, ACTIVE) VALUES (34, '77330abcde', TRUE)
INSERT INTO QR_CODE(id, DATA, ACTIVE) VALUES (35, '77340abcde', TRUE)
INSERT INTO QR_CODE(id, DATA, ACTIVE) VALUES (36, '77350abcde', TRUE)
INSERT INTO QR_CODE(id, DATA, ACTIVE) VALUES (37, '77360abcde', TRUE)
INSERT INTO QR_CODE(id, DATA, ACTIVE) VALUES (38, '77370abcde', TRUE)
INSERT INTO QR_CODE(id, DATA, ACTIVE) VALUES (39, '77380abcde', TRUE)
INSERT INTO QR_CODE(id, DATA, ACTIVE) VALUES (40, '77390abcde', TRUE)
INSERT INTO QR_CODE(id, DATA, ACTIVE) VALUES (41, '77400abcde', TRUE)
INSERT INTO QR_CODE(id, DATA, ACTIVE) VALUES (42, '77410abcde', TRUE)
INSERT INTO QR_CODE(id, DATA, ACTIVE) VALUES (43, '77420abcde', TRUE)
INSERT INTO QR_CODE(id, DATA, ACTIVE) VALUES (44, '77430abcde', TRUE)
INSERT INTO QR_CODE(id, DATA, ACTIVE) VALUES (45, '77440abcde', TRUE)
INSERT INTO QR_CODE(id, DATA, ACTIVE) VALUES (46, '77450abcde', TRUE)
INSERT INTO QR_CODE(id, DATA, ACTIVE) VALUES (47, '77460abcde', TRUE)
INSERT INTO QR_CODE(id, DATA, ACTIVE) VALUES (48, '77470abcde', TRUE)
INSERT INTO QR_CODE(id, DATA, ACTIVE) VALUES (49, '77480abcde', TRUE)
INSERT INTO QR_CODE(id, DATA, ACTIVE) VALUES (50, '77490abcde', TRUE)
INSERT INTO QR_CODE(id, DATA, ACTIVE) VALUES (51, '77500abcde', TRUE)
INSERT INTO QR_CODE(id, DATA, ACTIVE) VALUES (52, '77510abcde', TRUE)
INSERT INTO QR_CODE(id, DATA, ACTIVE) VALUES (53, '77520abcde', TRUE)
INSERT INTO QR_CODE(id, DATA, ACTIVE) VALUES (54, '77530abcde', TRUE)
INSERT INTO QR_CODE(id, DATA, ACTIVE) VALUES (55, '77540abcde', TRUE)
INSERT INTO QR_CODE(id, DATA, ACTIVE) VALUES (56, '77550abcde', TRUE)
INSERT INTO QR_CODE(id, DATA, ACTIVE) VALUES (57, '77560abcde', TRUE)
INSERT INTO QR_CODE(id, DATA, ACTIVE) VALUES (58, '77570abcde', TRUE)
INSERT INTO QR_CODE(id, DATA, ACTIVE) VALUES (59, '77580abcde', TRUE)
INSERT INTO QR_CODE(id, DATA, ACTIVE) VALUES (60, '77590abcde', TRUE)
INSERT INTO QR_CODE(id, DATA, ACTIVE) VALUES (61, '77600abcde', TRUE)
INSERT INTO QR_CODE(id, DATA, ACTIVE) VALUES (62, '77610abcde', TRUE)
INSERT INTO QR_CODE(id, DATA, ACTIVE) VALUES (63, '77620abcde', TRUE)
INSERT INTO QR_CODE(id, DATA, ACTIVE) VALUES (64, '77630abcde', TRUE)
INSERT INTO QR_CODE(id, DATA, ACTIVE) VALUES (65, '77640abcde', TRUE)
INSERT INTO QR_CODE(id, DATA, ACTIVE) VALUES (66, '77650abcde', TRUE)
INSERT INTO QR_CODE(id, DATA, ACTIVE) VALUES (67, '77660abcde', TRUE)
INSERT INTO QR_CODE(id, DATA, ACTIVE) VALUES (68, '77670abcde', TRUE)
INSERT INTO QR_CODE(id, DATA, ACTIVE) VALUES (69, '77680abcde', TRUE)
INSERT INTO QR_CODE(id, DATA, ACTIVE) VALUES (70, '77690abcde', TRUE)
INSERT INTO QR_CODE(id, DATA, ACTIVE) VALUES (71, '77700abcde', TRUE)
INSERT INTO QR_CODE(id, DATA, ACTIVE) VALUES (72, '77710abcde', TRUE)
INSERT INTO QR_CODE(id, DATA, ACTIVE) VALUES (73, '77720abcde', TRUE)
INSERT INTO QR_CODE(id, DATA, ACTIVE) VALUES (74, '77730abcde', TRUE)
INSERT INTO QR_CODE(id, DATA, ACTIVE) VALUES (75, '77740abcde', TRUE)
INSERT INTO QR_CODE(id, DATA, ACTIVE) VALUES (76, '77750abcde', TRUE)
INSERT INTO QR_CODE(id, DATA, ACTIVE) VALUES (77, '77760abcde', TRUE)
INSERT INTO QR_CODE(id, DATA, ACTIVE) VALUES (78, '77770abcde', TRUE)
INSERT INTO QR_CODE(id, DATA, ACTIVE) VALUES (79, '77780abcde', TRUE)
INSERT INTO QR_CODE(id, DATA, ACTIVE) VALUES (80, '77790abcde', TRUE)
INSERT INTO QR_CODE(id, DATA, ACTIVE) VALUES (81, '77800abcde', TRUE)
INSERT INTO QR_CODE(id, DATA, ACTIVE) VALUES (82, '77810abcde', TRUE)
INSERT INTO QR_CODE(id, DATA, ACTIVE) VALUES (83, '77820abcde', TRUE)
INSERT INTO QR_CODE(id, DATA, ACTIVE) VALUES (84, '77830abcde', TRUE)
INSERT INTO QR_CODE(id, DATA, ACTIVE) VALUES (85, '77840abcde', TRUE)
INSERT INTO QR_CODE(id, DATA, ACTIVE) VALUES (86, '77850abcde', TRUE)
INSERT INTO QR_CODE(id, DATA, ACTIVE) VALUES (87, '77860abcde', TRUE)
INSERT INTO QR_CODE(id, DATA, ACTIVE) VALUES (88, '77870abcde', TRUE)
INSERT INTO QR_CODE(id, DATA, ACTIVE) VALUES (89, '77880abcde', TRUE)
INSERT INTO QR_CODE(id, DATA, ACTIVE) VALUES (90, '77890abcde', TRUE)
INSERT INTO QR_CODE(id, DATA, ACTIVE) VALUES (91, '77900abcde', TRUE)
INSERT INTO QR_CODE(id, DATA, ACTIVE) VALUES (92, '77910abcde', TRUE)
INSERT INTO QR_CODE(id, DATA, ACTIVE) VALUES (93, '77920abcde', TRUE)
INSERT INTO QR_CODE(id, DATA, ACTIVE) VALUES (94, '77930abcde', TRUE)
INSERT INTO QR_CODE(id, DATA, ACTIVE) VALUES (95, '77940abcde', TRUE)
INSERT INTO QR_CODE(id, DATA, ACTIVE) VALUES (96, '77950abcde', TRUE)
INSERT INTO QR_CODE(id, DATA, ACTIVE) VALUES (97, '77960abcde', TRUE)
INSERT INTO QR_CODE(id, DATA, ACTIVE) VALUES (98, '77970abcde', TRUE)
INSERT INTO QR_CODE(id, DATA, ACTIVE) VALUES (99, '77980abcde', TRUE)
INSERT INTO QR_CODE(id, DATA, ACTIVE) VALUES (100, '77990abcde', TRUE)

-- ################################################# BOOK TABLE
INSERT INTO BOOK (id, TITLE, AUTHOR, ISBN, QR_code_id, ACTIVE) VALUES (1, 'Title0', 'Author0', 10000000000, 1, TRUE)
INSERT INTO BOOK (id, TITLE, AUTHOR, ISBN, QR_code_id, ACTIVE) VALUES (2, 'Title1', 'Author1', 10000100010, 2, TRUE)
INSERT INTO BOOK (id, TITLE, AUTHOR, ISBN, QR_code_id, ACTIVE) VALUES (3, 'Title2', 'Author2', 10000200020, 3, TRUE)
INSERT INTO BOOK (id, TITLE, AUTHOR, ISBN, QR_code_id, ACTIVE) VALUES (4, 'Title3', 'Author3', 10000300030, 4, TRUE)
INSERT INTO BOOK (id, TITLE, AUTHOR, ISBN, QR_code_id, ACTIVE) VALUES (5, 'Title4', 'Author4', 10000400040, 5, TRUE)
INSERT INTO BOOK (id, TITLE, AUTHOR, ISBN, QR_code_id, ACTIVE) VALUES (6, 'Title5', 'Author5', 10000500050, 6, TRUE)
INSERT INTO BOOK (id, TITLE, AUTHOR, ISBN, QR_code_id, ACTIVE) VALUES (7, 'Title6', 'Author6', 10000600060, 7, TRUE)
INSERT INTO BOOK (id, TITLE, AUTHOR, ISBN, QR_code_id, ACTIVE) VALUES (8, 'Title7', 'Author7', 10000700070, 8, TRUE)
INSERT INTO BOOK (id, TITLE, AUTHOR, ISBN, QR_code_id, ACTIVE) VALUES (9, 'Title8', 'Author8', 10000800080, 9, TRUE)
INSERT INTO BOOK (id, TITLE, AUTHOR, ISBN, QR_code_id, ACTIVE) VALUES (10, 'Title9', 'Author9', 10000900090, 10, TRUE)
INSERT INTO BOOK (id, TITLE, AUTHOR, ISBN, QR_code_id, ACTIVE) VALUES (11, 'Title10', 'Author10', 10001000100, 11, TRUE)
INSERT INTO BOOK (id, TITLE, AUTHOR, ISBN, QR_code_id, ACTIVE) VALUES (12, 'Title11', 'Author10', 10001100110, 12, TRUE)
INSERT INTO BOOK (id, TITLE, AUTHOR, ISBN, QR_code_id, ACTIVE) VALUES (13, 'Title12', 'Author10', 10001200120, 13, TRUE)
INSERT INTO BOOK (id, TITLE, AUTHOR, ISBN, QR_code_id, ACTIVE) VALUES (14, 'Title13', 'Author10', 10001300130, 14, TRUE)
INSERT INTO BOOK (id, TITLE, AUTHOR, ISBN, QR_code_id, ACTIVE) VALUES (15, 'Title14', 'Author10', 10001400140, 15, TRUE)
INSERT INTO BOOK (id, TITLE, AUTHOR, ISBN, QR_code_id, ACTIVE) VALUES (16, 'Title15', 'Author10', 10001500150, 16, TRUE)
INSERT INTO BOOK (id, TITLE, AUTHOR, ISBN, QR_code_id, ACTIVE) VALUES (17, 'Title16', 'Author10', 10001600160, 17, TRUE)
INSERT INTO BOOK (id, TITLE, AUTHOR, ISBN, QR_code_id, ACTIVE) VALUES (18, 'Title17', 'Author10', 10001700170, 18, TRUE)
INSERT INTO BOOK (id, TITLE, AUTHOR, ISBN, QR_code_id, ACTIVE) VALUES (19, 'Title18', 'Author10', 10001800180, 19, TRUE)
INSERT INTO BOOK (id, TITLE, AUTHOR, ISBN, QR_code_id, ACTIVE) VALUES (20, 'Title19', 'Author10', 10001900190, 20, TRUE)
INSERT INTO BOOK (id, TITLE, AUTHOR, ISBN, QR_code_id, ACTIVE) VALUES (21, 'Title20', 'Author20', 10002000200, 21, TRUE)
INSERT INTO BOOK (id, TITLE, AUTHOR, ISBN, QR_code_id, ACTIVE) VALUES (22, 'Title21', 'Author20', 10002100210, 22, TRUE)
INSERT INTO BOOK (id, TITLE, AUTHOR, ISBN, QR_code_id, ACTIVE) VALUES (23, 'Title22', 'Author20', 10002200220, 23, TRUE)
INSERT INTO BOOK (id, TITLE, AUTHOR, ISBN, QR_code_id, ACTIVE) VALUES (24, 'Title23', 'Author20', 10002300230, 24, TRUE)
INSERT INTO BOOK (id, TITLE, AUTHOR, ISBN, QR_code_id, ACTIVE) VALUES (25, 'Title24', 'Author20', 10002400240, 25, TRUE)
INSERT INTO BOOK (id, TITLE, AUTHOR, ISBN, QR_code_id, ACTIVE) VALUES (26, 'Title25', 'Author20', 10002500250, 26, TRUE)
INSERT INTO BOOK (id, TITLE, AUTHOR, ISBN, QR_code_id, ACTIVE) VALUES (27, 'Title26', 'Author20', 10002600260, 27, TRUE)
INSERT INTO BOOK (id, TITLE, AUTHOR, ISBN, QR_code_id, ACTIVE) VALUES (28, 'Title27', 'Author20', 10002700270, 28, TRUE)
INSERT INTO BOOK (id, TITLE, AUTHOR, ISBN, QR_code_id, ACTIVE) VALUES (29, 'Title28', 'Author20', 10002800280, 29, TRUE)
INSERT INTO BOOK (id, TITLE, AUTHOR, ISBN, QR_code_id, ACTIVE) VALUES (30, 'Title29', 'Author20', 10002900290, 30, TRUE)
INSERT INTO BOOK (id, TITLE, AUTHOR, ISBN, QR_code_id, ACTIVE) VALUES (31, 'Title30', 'Author30', 10003000300, 31, TRUE)
INSERT INTO BOOK (id, TITLE, AUTHOR, ISBN, QR_code_id, ACTIVE) VALUES (32, 'Title31', 'Author30', 10003100310, 32, TRUE)
INSERT INTO BOOK (id, TITLE, AUTHOR, ISBN, QR_code_id, ACTIVE) VALUES (33, 'Title32', 'Author30', 10003200320, 33, TRUE)
INSERT INTO BOOK (id, TITLE, AUTHOR, ISBN, QR_code_id, ACTIVE) VALUES (34, 'Title33', 'Author30', 10003300330, 34, TRUE)
INSERT INTO BOOK (id, TITLE, AUTHOR, ISBN, QR_code_id, ACTIVE) VALUES (35, 'Title34', 'Author30', 10003400340, 35, TRUE)
INSERT INTO BOOK (id, TITLE, AUTHOR, ISBN, QR_code_id, ACTIVE) VALUES (36, 'Title35', 'Author30', 10003500350, 36, TRUE)
INSERT INTO BOOK (id, TITLE, AUTHOR, ISBN, QR_code_id, ACTIVE) VALUES (37, 'Title36', 'Author30', 10003600360, 37, TRUE)
INSERT INTO BOOK (id, TITLE, AUTHOR, ISBN, QR_code_id, ACTIVE) VALUES (38, 'Title37', 'Author30', 10003700370, 38, TRUE)
INSERT INTO BOOK (id, TITLE, AUTHOR, ISBN, QR_code_id, ACTIVE) VALUES (39, 'Title38', 'Author30', 10003800380, 39, TRUE)
INSERT INTO BOOK (id, TITLE, AUTHOR, ISBN, QR_code_id, ACTIVE) VALUES (40, 'Title39', 'Author30', 10003900390, 40, TRUE)
INSERT INTO BOOK (id, TITLE, AUTHOR, ISBN, QR_code_id, ACTIVE) VALUES (41, 'Title40', 'Author40', 10004000400, 41, TRUE)
INSERT INTO BOOK (id, TITLE, AUTHOR, ISBN, QR_code_id, ACTIVE) VALUES (42, 'Title41', 'Author40', 10004100410, 42, TRUE)
INSERT INTO BOOK (id, TITLE, AUTHOR, ISBN, QR_code_id, ACTIVE) VALUES (43, 'Title42', 'Author40', 10004200420, 43, TRUE)
INSERT INTO BOOK (id, TITLE, AUTHOR, ISBN, QR_code_id, ACTIVE) VALUES (44, 'Title43', 'Author40', 10004300430, 44, TRUE)
INSERT INTO BOOK (id, TITLE, AUTHOR, ISBN, QR_code_id, ACTIVE) VALUES (45, 'Title44', 'Author40', 10004400440, 45, TRUE)
INSERT INTO BOOK (id, TITLE, AUTHOR, ISBN, QR_code_id, ACTIVE) VALUES (46, 'Title45', 'Author40', 10004500450, 46, TRUE)
INSERT INTO BOOK (id, TITLE, AUTHOR, ISBN, QR_code_id, ACTIVE) VALUES (47, 'Title46', 'Author40', 10004600460, 47, TRUE)
INSERT INTO BOOK (id, TITLE, AUTHOR, ISBN, QR_code_id, ACTIVE) VALUES (48, 'Title47', 'Author40', 10004700470, 48, TRUE)
INSERT INTO BOOK (id, TITLE, AUTHOR, ISBN, QR_code_id, ACTIVE) VALUES (49, 'Title48', 'Author40', 10004800480, 49, TRUE)
INSERT INTO BOOK (id, TITLE, AUTHOR, ISBN, QR_code_id, ACTIVE) VALUES (50, 'Title49', 'Author40', 10004900490, 50, TRUE)
INSERT INTO BOOK (id, TITLE, AUTHOR, ISBN, QR_code_id, ACTIVE) VALUES (51, 'Title50', 'Author50', 10005000500, 51, TRUE)
INSERT INTO BOOK (id, TITLE, AUTHOR, ISBN, QR_code_id, ACTIVE) VALUES (52, 'Title51', 'Author50', 10005100510, 52, TRUE)
INSERT INTO BOOK (id, TITLE, AUTHOR, ISBN, QR_code_id, ACTIVE) VALUES (53, 'Title52', 'Author50', 10005200520, 53, TRUE)
INSERT INTO BOOK (id, TITLE, AUTHOR, ISBN, QR_code_id, ACTIVE) VALUES (54, 'Title53', 'Author50', 10005300530, 54, TRUE)
INSERT INTO BOOK (id, TITLE, AUTHOR, ISBN, QR_code_id, ACTIVE) VALUES (55, 'Title54', 'Author50', 10005400540, 55, TRUE)
INSERT INTO BOOK (id, TITLE, AUTHOR, ISBN, QR_code_id, ACTIVE) VALUES (56, 'Title55', 'Author50', 10005500550, 56, TRUE)
INSERT INTO BOOK (id, TITLE, AUTHOR, ISBN, QR_code_id, ACTIVE) VALUES (57, 'Title56', 'Author50', 10005600560, 57, TRUE)
INSERT INTO BOOK (id, TITLE, AUTHOR, ISBN, QR_code_id, ACTIVE) VALUES (58, 'Title57', 'Author50', 10005700570, 58, TRUE)
INSERT INTO BOOK (id, TITLE, AUTHOR, ISBN, QR_code_id, ACTIVE) VALUES (59, 'Title58', 'Author50', 10005800580, 59, TRUE)
INSERT INTO BOOK (id, TITLE, AUTHOR, ISBN, QR_code_id, ACTIVE) VALUES (60, 'Title59', 'Author50', 10005900590, 60, TRUE)
INSERT INTO BOOK (id, TITLE, AUTHOR, ISBN, QR_code_id, ACTIVE) VALUES (61, 'Title60', 'Author60', 10006000600, 61, TRUE)
INSERT INTO BOOK (id, TITLE, AUTHOR, ISBN, QR_code_id, ACTIVE) VALUES (62, 'Title61', 'Author60', 10006100610, 62, TRUE)
INSERT INTO BOOK (id, TITLE, AUTHOR, ISBN, QR_code_id, ACTIVE) VALUES (63, 'Title62', 'Author60', 10006200620, 63, TRUE)
INSERT INTO BOOK (id, TITLE, AUTHOR, ISBN, QR_code_id, ACTIVE) VALUES (64, 'Title63', 'Author60', 10006300630, 64, TRUE)
INSERT INTO BOOK (id, TITLE, AUTHOR, ISBN, QR_code_id, ACTIVE) VALUES (65, 'Title64', 'Author60', 10006400640, 65, TRUE)
INSERT INTO BOOK (id, TITLE, AUTHOR, ISBN, QR_code_id, ACTIVE) VALUES (66, 'Title65', 'Author60', 10006500650, 66, TRUE)
INSERT INTO BOOK (id, TITLE, AUTHOR, ISBN, QR_code_id, ACTIVE) VALUES (67, 'Title66', 'Author60', 10006600660, 67, TRUE)
INSERT INTO BOOK (id, TITLE, AUTHOR, ISBN, QR_code_id, ACTIVE) VALUES (68, 'Title67', 'Author60', 10006700670, 68, TRUE)
INSERT INTO BOOK (id, TITLE, AUTHOR, ISBN, QR_code_id, ACTIVE) VALUES (69, 'Title68', 'Author60', 10006800680, 69, TRUE)
INSERT INTO BOOK (id, TITLE, AUTHOR, ISBN, QR_code_id, ACTIVE) VALUES (70, 'Title69', 'Author60', 10006900690, 70, TRUE)
INSERT INTO BOOK (id, TITLE, AUTHOR, ISBN, QR_code_id, ACTIVE) VALUES (71, 'Title70', 'Author70', 10007000700, 71, TRUE)
INSERT INTO BOOK (id, TITLE, AUTHOR, ISBN, QR_code_id, ACTIVE) VALUES (72, 'Title71', 'Author70', 10007100710, 72, TRUE)
INSERT INTO BOOK (id, TITLE, AUTHOR, ISBN, QR_code_id, ACTIVE) VALUES (73, 'Title72', 'Author70', 10007200720, 73, TRUE)
INSERT INTO BOOK (id, TITLE, AUTHOR, ISBN, QR_code_id, ACTIVE) VALUES (74, 'Title73', 'Author70', 10007300730, 74, TRUE)
INSERT INTO BOOK (id, TITLE, AUTHOR, ISBN, QR_code_id, ACTIVE) VALUES (75, 'Title74', 'Author70', 10007400740, 75, TRUE)
INSERT INTO BOOK (id, TITLE, AUTHOR, ISBN, QR_code_id, ACTIVE) VALUES (76, 'Title75', 'Author70', 10007500750, 76, TRUE)
INSERT INTO BOOK (id, TITLE, AUTHOR, ISBN, QR_code_id, ACTIVE) VALUES (77, 'Title76', 'Author70', 10007600760, 77, TRUE)
INSERT INTO BOOK (id, TITLE, AUTHOR, ISBN, QR_code_id, ACTIVE) VALUES (78, 'Title77', 'Author70', 10007700770, 78, TRUE)
INSERT INTO BOOK (id, TITLE, AUTHOR, ISBN, QR_code_id, ACTIVE) VALUES (79, 'Title78', 'Author70', 10007800780, 79, TRUE)
INSERT INTO BOOK (id, TITLE, AUTHOR, ISBN, QR_code_id, ACTIVE) VALUES (80, 'Title79', 'Author70', 10007900790, 80, TRUE)
INSERT INTO BOOK (id, TITLE, AUTHOR, ISBN, QR_code_id, ACTIVE) VALUES (81, 'Title80', 'Author80', 10008000800, 81, TRUE)
INSERT INTO BOOK (id, TITLE, AUTHOR, ISBN, QR_code_id, ACTIVE) VALUES (82, 'Title81', 'Author80', 10008100810, 82, TRUE)
INSERT INTO BOOK (id, TITLE, AUTHOR, ISBN, QR_code_id, ACTIVE) VALUES (83, 'Title82', 'Author80', 10008200820, 83, TRUE)
INSERT INTO BOOK (id, TITLE, AUTHOR, ISBN, QR_code_id, ACTIVE) VALUES (84, 'Title83', 'Author80', 10008300830, 84, TRUE)
INSERT INTO BOOK (id, TITLE, AUTHOR, ISBN, QR_code_id, ACTIVE) VALUES (85, 'Title84', 'Author80', 10008400840, 85, TRUE)
INSERT INTO BOOK (id, TITLE, AUTHOR, ISBN, QR_code_id, ACTIVE) VALUES (86, 'Title85', 'Author80', 10008500850, 86, TRUE)
INSERT INTO BOOK (id, TITLE, AUTHOR, ISBN, QR_code_id, ACTIVE) VALUES (87, 'Title86', 'Author80', 10008600860, 87, TRUE)
INSERT INTO BOOK (id, TITLE, AUTHOR, ISBN, QR_code_id, ACTIVE) VALUES (88, 'Title87', 'Author80', 10008700870, 88, TRUE)
INSERT INTO BOOK (id, TITLE, AUTHOR, ISBN, QR_code_id, ACTIVE) VALUES (89, 'Title88', 'Author80', 10008800880, 89, TRUE)
INSERT INTO BOOK (id, TITLE, AUTHOR, ISBN, QR_code_id, ACTIVE) VALUES (90, 'Title89', 'Author80', 10008900890, 90, TRUE)
INSERT INTO BOOK (id, TITLE, AUTHOR, ISBN, QR_code_id, ACTIVE) VALUES (91, 'Title90', 'Author90', 10009000900, 91, TRUE)
INSERT INTO BOOK (id, TITLE, AUTHOR, ISBN, QR_code_id, ACTIVE) VALUES (92, 'Title91', 'Author90', 10009100910, 92, TRUE)
INSERT INTO BOOK (id, TITLE, AUTHOR, ISBN, QR_code_id, ACTIVE) VALUES (93, 'Title92', 'Author90', 10009200920, 93, TRUE)
INSERT INTO BOOK (id, TITLE, AUTHOR, ISBN, QR_code_id, ACTIVE) VALUES (94, 'Title93', 'Author90', 10009300930, 94, TRUE)
INSERT INTO BOOK (id, TITLE, AUTHOR, ISBN, QR_code_id, ACTIVE) VALUES (95, 'Title94', 'Author90', 10009400940, 95, TRUE)
INSERT INTO BOOK (id, TITLE, AUTHOR, ISBN, QR_code_id, ACTIVE) VALUES (96, 'Title95', 'Author90', 10009500950, 96, TRUE)
INSERT INTO BOOK (id, TITLE, AUTHOR, ISBN, QR_code_id, ACTIVE) VALUES (97, 'Title96', 'Author90', 10009600960, 97, TRUE)
INSERT INTO BOOK (id, TITLE, AUTHOR, ISBN, QR_code_id, ACTIVE) VALUES (98, 'Title97', 'Author90', 10009700970, 98, TRUE)
INSERT INTO BOOK (id, TITLE, AUTHOR, ISBN, QR_code_id, ACTIVE) VALUES (99, 'Title98', 'Author90', 10009800980, 99, TRUE)
INSERT INTO BOOK (id, TITLE, AUTHOR, ISBN, QR_code_id, ACTIVE) VALUES (100, 'Title99', 'Author90', 10009900990, 100, TRUE)

-- ################################################# ORDER DATE TABLE
INSERT INTO QUEUE (ID, ORDER_DATE, BOOK_ID, USER_ID, ACTIVE) VALUES (1, '2017-04-10 11:30:22', 1, 1, TRUE)
INSERT INTO QUEUE (ID, ORDER_DATE, BOOK_ID, USER_ID, ACTIVE) VALUES (2, '2017-04-11 11:31:22', 2, 1, TRUE)
INSERT INTO QUEUE (ID, ORDER_DATE, BOOK_ID, USER_ID, ACTIVE) VALUES (3, '2017-04-12 11:32:22', 3, 1, TRUE)
INSERT INTO QUEUE (ID, ORDER_DATE, BOOK_ID, USER_ID, ACTIVE) VALUES (4, '2017-04-13 11:33:22', 3, 2, TRUE)
INSERT INTO QUEUE (ID, ORDER_DATE, BOOK_ID, USER_ID, ACTIVE) VALUES (5, '2017-04-14 11:34:22', 1, 3, TRUE)
INSERT INTO QUEUE (ID, ORDER_DATE, BOOK_ID, USER_ID, ACTIVE) VALUES (6, '2017-04-15 11:35:22', 1, 4, TRUE)
INSERT INTO QUEUE (ID, ORDER_DATE, BOOK_ID, USER_ID, ACTIVE) VALUES (7, '2017-04-16 11:36:22', 6, 5, TRUE)
INSERT INTO QUEUE (ID, ORDER_DATE, BOOK_ID, USER_ID, ACTIVE) VALUES (8, '2017-04-17 11:37:22', 1, 6, TRUE)
INSERT INTO QUEUE (ID, ORDER_DATE, BOOK_ID, USER_ID, ACTIVE) VALUES (9, '2017-04-18 11:38:22', 8, 7, TRUE)
INSERT INTO QUEUE (ID, ORDER_DATE, BOOK_ID, USER_ID, ACTIVE) VALUES (10, '2017-04-19 11:39:22', 9, 9, TRUE)

-- ################################################# BORROW TABLE
INSERT INTO BORROW (id, BORROW_DATE, RETURN_DATE, BOOK_ID, USER_ID, CAN_EXTEND_RETURN_DATE, ACTIVE) VALUES (1, '2017-04-03', '2017-05-03', 1, 1, TRUE, TRUE)
INSERT INTO BORROW (id, BORROW_DATE, RETURN_DATE, BOOK_ID, USER_ID, CAN_EXTEND_RETURN_DATE, ACTIVE) VALUES (2, '2017-04-03', '2017-05-03', 2, 2, TRUE, TRUE)
INSERT INTO BORROW (id, BORROW_DATE, RETURN_DATE, BOOK_ID, USER_ID, CAN_EXTEND_RETURN_DATE, ACTIVE) VALUES (3, '2017-04-03', '2017-05-03', 3, 3, TRUE, TRUE)
INSERT INTO BORROW (id, BORROW_DATE, RETURN_DATE, BOOK_ID, USER_ID, CAN_EXTEND_RETURN_DATE, ACTIVE) VALUES (4, '2017-04-04', '2017-05-04', 11, 4, TRUE, TRUE)
INSERT INTO BORROW (id, BORROW_DATE, RETURN_DATE, BOOK_ID, USER_ID, CAN_EXTEND_RETURN_DATE, ACTIVE) VALUES (5, '2017-04-05', '2017-05-05', 4, 5, TRUE, TRUE)
INSERT INTO BORROW (id, BORROW_DATE, RETURN_DATE, BOOK_ID, USER_ID, CAN_EXTEND_RETURN_DATE, ACTIVE) VALUES (6, '2017-04-05', '2017-05-05', 8, 6, TRUE, TRUE)
INSERT INTO BORROW (id, BORROW_DATE, RETURN_DATE, BOOK_ID, USER_ID, CAN_EXTEND_RETURN_DATE, ACTIVE) VALUES (7, '2017-04-06', '2017-05-06', 6, 77, TRUE, TRUE)
INSERT INTO BORROW (id, BORROW_DATE, RETURN_DATE, BOOK_ID, USER_ID, CAN_EXTEND_RETURN_DATE, ACTIVE) VALUES (8, '2017-04-07', '2017-05-07', 9, 7, TRUE, TRUE)
INSERT INTO BORROW (id, BORROW_DATE, RETURN_DATE, BOOK_ID, USER_ID, CAN_EXTEND_RETURN_DATE, ACTIVE) VALUES (9, '2017-04-08', '2017-05-08', 4, 8, TRUE, TRUE)
INSERT INTO BORROW (id, BORROW_DATE, RETURN_DATE, BOOK_ID, USER_ID, CAN_EXTEND_RETURN_DATE, ACTIVE) VALUES (10, '2017-04-09', '2017-05-09', 7, 9, TRUE, TRUE)

-- ################################################# HISTORY TABLE
INSERT INTO HISTORY (id, BORROW_DATE, RETURN_DATE, BOOK_ID, USER_ID, COMMENT, ACTIVE) VALUES (1, '2017-04-09', '2017-05-09', 1, 6, 'any Comment', TRUE)
INSERT INTO HISTORY (id, BORROW_DATE, RETURN_DATE, BOOK_ID, USER_ID, COMMENT, ACTIVE) VALUES (2, '2017-04-10', '2017-05-10', 2, 7, 'any Comment', TRUE)
INSERT INTO HISTORY (id, BORROW_DATE, RETURN_DATE, BOOK_ID, USER_ID, COMMENT, ACTIVE) VALUES (3, '2017-04-11', '2017-05-11', 3, 8, 'any Comment', TRUE)
INSERT INTO HISTORY (id, BORROW_DATE, RETURN_DATE, BOOK_ID, USER_ID, COMMENT, ACTIVE) VALUES (4, '2017-04-12', '2017-05-12', 4, 9, 'any Comment', TRUE)
INSERT INTO HISTORY (id, BORROW_DATE, RETURN_DATE, BOOK_ID, USER_ID, COMMENT, ACTIVE) VALUES (5, '2017-04-13', '2017-05-13', 5, 10, 'any Comment', TRUE)
